,Album,Album ID,Type,Artist,Total Tracks
0,Chosen,2qJw6w5XwQO0PQlSWPu7Tw,album,Måneskin,7
1,STAY (with Justin Bieber),4QLAtpLNUsHEYrcHXmMIZZ,single,The Kid LAROI,1
2,SOUR,6s84u2TUpR3wdUv4NgKA2j,album,Olivia Rodrigo,11
3,Bad Habits,01NhUvviMytvV12pmJiDZH,single,Ed Sheeran,1
4,INDUSTRY BABY (feat. Jack Harlow),622NFw5Yk0OReMJ2XWcXUh,single,Lil Nas X,1
5,MONTERO (Call Me By Your Name),2Hjcfw8zHN4dJDZJGOzLd6,single,Lil Nas X,3
6,Kiss Me More (feat. SZA),1OnzqJTL9bwe4kvaLxRYxt,single,Doja Cat,1
7,Todo De Ti,3zjKITMp5FHj5aqtWWXrxH,single,Rauw Alejandro,1
8,Yonaguni,6VSOIs13DaSG2IPilNviX5,single,Bad Bunny,1
9,Teatro d'ira - Vol. I,7KF1Ain9mYYlg5M46g0i4A,album,Måneskin,8
10,Levitating (feat. DaBaby),04m06KhJUuwe1Q487puIud,single,Dua Lipa,1
11,Qué Más Pues?,53ul5SFjVUQCotbJhjCkkK,single,J Balvin,1
12,Butter / Permission to Dance,1iLUfFVZF8bltkBkONumgG,single,BTS,4
13,Justice,5dGWwsZ9iB2Xc3UKR0gif2,album,Justin Bieber,16
14,"Butter (Hotter, Sweeter, Cooler)",1HnJKmB4P6Z8RBdLMWx18w,single,BTS,5
17,Save Your Tears (Remix),2fyOpT5c9kxR8zbDh6UtXh,single,The Weeknd,1
18,AM Remix,1jTRS4KS666BesH1GUHyEV,single,Nio Garcia,1
19,Planet Her,1nAQbHeOWTfQzbOoFrvndW,album,Doja Cat,14
20,Volando (Remix),4MCZWUKxkvdMITh4KapBKX,single,Mora,1
23,Dreamland,5bfpRtBW7RNRdsm3tRyl3R,album,Glass Animals,16
24,After Hours,4yP0hdKOZPNshxUOjY0cZj,album,The Weeknd,14
26,Pepas,2A5ksnhz7YWbRLvFMjX1j1,single,Farruko,1
27,Motley Crew,4tokbQaFXRrq8keVGBD9vb,single,Post Malone,1
28,Friday (feat. Mufasa & Hypeman) [Dopamine Re-Edit],39qsmsNRXjVaFqTZj9af0j,single,Riton,1
29,Astronaut In The Ocean,7vus4Q8r5DS2Dl1JClxEsA,single,Masked Wolf,1
30,Leave The Door Open,7dfPqXck6BB9wpThrVYBss,single,Bruno Mars,1
31,Don't Go Yet,4gxhWdfO9qAogokjIc2bPZ,single,Camila Cabello,1
33,Pareja Del Año,202FLmfHxcvLHPiqmAjWyJ,single,Sebastian Yatra,1
34,Fine Line,7xV2TzoaVc0ycW7fwBwAml,album,Harry Styles,12
35,RAPSTAR,0SVzFcpsByITKgURaxXdsV,single,Polo G,1
37,911 (Remix),57ppCWTeAnqooyrR4DzbwR,single,Sech,1
38,EL ÚLTIMO TOUR DEL MUNDO,2d9BCZeAAhiZWPpbX9aPCW,album,Bad Bunny,16
39,Miénteme,4D9XS6o1GNMmuUWhI5Qixg,single,TINI,1
41,Poblado (Remix),1avDIEjBJ9ayO1Lj7LxNM7,single,J Balvin,1
42,BE,2qehskW9lYGWfYb0xPZkrS,album,BTS,8
43,The Business,2adSO4KU3FDjeM1PXCRDZm,single,Tiësto,1
44,Heartbreak Anthem (with David Guetta & Little Mix),6kBuGNoOGE7uiPhN82dcJ1,single,Galantis,1
45,El Dorado,270o30h7cAlEhBnbuSpFZq,album,24kGoldn,13
46,Entre Nosotros,4cEu5VC6QCq4NGYTNvwNCR,single,Tiago PZK,1
47,Fiel (Remix),1jBESH0DEFN7z8WH8B0B5c,single,Wisin,1
48,Build a Bitch,5YKqfiQdPYWJ0kZ5pttY5o,single,Bella Poarch,1
49,"Nicky Jam: Bzrp Music Sessions, Vol. 41",0uEAjbeFr70dBF41LTs1cD,single,Bizarrap,1
50,Tiroteo (Remix),2Ke07jWpOWaNVYpNMmXt7C,single,Marc Seguí,1
51,Happier Than Ever,0JGOiO34nwfUdDrD612dOp,album,Billie Eilish,16
52,Rasputin (Remixes),19TzoU9GkP6UpHGMgZaUdJ,single,Majestic,3
53,Leave Before You Love Me,66JuK41D3LpkbX3HCTGcQk,single,Marshmello,1
54,Freaks,5WjaIWthUR3AjA0UYG3jR5,single,Surf Curse,1
55,Eu Tenho a Senha,5y08Ec8KBmVFcvS5NcNuaZ,album,João Gomes,10
56,2/Catorce,23ceOvjypWsCUj9ZrW8Fno,single,Rauw Alejandro,1
57,JORDI (Deluxe),1pCA38N6MkLlthXtAOvZTU,album,Maroon 5,14
58,Run,4d0a5uamW9NWRc1KXFeErI,single,OneRepublic,1
59,Thot Shit,7gEGuvkVs79hY4tG7OYnzx,single,Megan Thee Stallion,1
60,Your Love (9PM),7F9yYqHRtIZnEGF2tANI4b,single,ATB,1
63,TAKE TIME,1zHR48K6XtWYm6bhrw4J6C,album,Giveon,8
64,Play Date - Confidence Boost,512tvliT2hhxOLj4vwyT8i,compilation,Dua Lipa,32
65,Dinero,6FfydthOJNOSCM8BeSqKh3,single,Trinidad Cardona,1
66,I Love You.,4xkM0BwLM9H2IUcbYzpcBI,album,The Neighbourhood,11
67,Sobrio,0R1Ygba9KBj95maQnUvZm5,single,Maluma,1
68,Divinely Uninspired To A Hellish Extent,5658aM19fA3JVwTK6eQX70,album,Lewis Capaldi,12
69,Over The Top (feat. Drake),4ROMS3rcR9JepxAtDRpvc5,single,Smiley,1
70,Still Sleep?,38nZLvJx8A9p4YYpTG5iFP,album,Sleepy Hallow,14
71,KG0516,5CS8E6JVACItYto4OOJoPW,album,KAROL G,16
72,Loco,0Aq33KpcbXrHkuyfMhEORI,single,Justin Quiles,1
73,Love Tonight,5KXv2MHeoLSqZ96jRuFF9H,single,Shouse,2
75,Sin Miedo (del Amor y Otros Demonios) ∞,00wSTrFxoSzA7eeS1UxHgd,album,Kali Uchis,13
76,Botella Tras Botella,3Jv8XjzlQel3avRbOzysXB,single,Gera MX,1
77,Los Legendarios 001,7g5WqPI4CdA22Cy8LxRXCf,album,Los Legendarios,19
78,Dance Monkey (Stripped Back) / Dance Monkey,0UywfDKYlyiu1b38DRrzYD,single,Tones And I,2
79,F*CK LOVE (SAVAGE),3YjfdLdpQcVI72uKhooZst,album,The Kid LAROI,22
80,Scary Hours 2,5LuoozUhs2pl3glZeAJl89,single,Drake,3
81,Inside (The Songs),1e5OlE0EY5fucq6GIU1xi3,album,Bo Burnham,20
82,Just Hits - The 20's,0W06LVpvBKHvcWIE3BK7lz,compilation,Dua Lipa,30
83,Goosebumps (Remix),3SdFuYwyWoq7kuaHdTDcyD,single,Travis Scott,1
84,Head & Heart (feat. MNEK),5glfCPECXSHzidU6exW8wO,single,Joel Corry,1
85,BED,36tML2tWjDrbLW4FgrX17U,single,Joel Corry,1
86,Iko Iko (My Bestie),0IVeq4oFSUAAXmdQqXFTrU,single,Justin Wellington,1
87,Better Believe,15a7Yf9rZIKhulN2NEKb3a,single,Belly,1
88,Arcade,7BISGeB7QwhqRIadxuLHfG,single,Duncan Laurence,1
89,Primer Dia de Clases,5r8T7S23cVDSd7a045h4N5,album,Mora,16
90,Positions,3euz4vS7ezKGnNSwgyvKcd,album,Ariana Grande,14
91,Hollywood's Bleeding,4g1ZRSobMefqF6nelkgibi,album,Post Malone,17
92,Zukunft,47brL4n2IhoAlMIkwE4yHT,album,RAF Camora,15
93,Ram Pam Pam,6Wg0bZna6okQRbB6JgOEmr,single,Natti Natasha,1
94,Beach Party 2021,1UxQZBwOGCKsymxApAW98Q,compilation,J Balvin,24
96,t r a n s p a r e n t s o u l feat. Travis Barker,4ar4zcVlbYDYKgq5wEdq0T,single,WILLOW,1
97,Clash (feat. Stormzy),58GjA2xPMQ8PjNKyddHIqP,single,Dave,1
98,Divinely Uninspired To A Hellish Extent (Extended Edition),2wiPF3m0ylst0JSk1IvZL8,album,Lewis Capaldi,15
100,Reckless,5lVImnUah94yoxXy2H1qo7,single,Madison Beer,1
101,"No Me Conocen (Remix) (Con Duki, Rei & Tiago Pzk)",5aPphlcyYDCyKddSFOWJpe,single,BANDIDO,1
102,Evolve,33pt9HBdGlAbRGBHQgsZsU,album,Imagine Dragons,12
103,"Lemonade (feat. Gunna, Don Toliver & NAV)",1pFaEu56zqpzSviJc3htZN,single,Internet Money,1
104,Doo-Wops & Hooligans,1uyf3l2d4XYwiEqAb7t7fX,album,Bruno Mars,10
105,While The World Was Burning,1OmWlObj9gAwNnTNgxBUmz,album,SAINt JHN,14
106,42,3tRrovXWGrSfBU3MYHqsVJ,album,Sech,11
107,FULANITO,5AVKorAwqFCfUiPkNwv89o,single,Becky G,1
108,París,6Ktv94u6eUIZBiUiBwOADD,single,Ingratax,1
109,lovely (with Khalid),2sBB17RXTamvj7Ncps15AK,single,Billie Eilish,1
110,Spider-Man: Into the Spider-Verse (Soundtrack From & Inspired by the Motion Picture),35s58BRTGAEWztPo9WqCIs,compilation,Post Malone,13
111,double take,1FBBji6E8EB4zBsTn6m8Ax,single,dhruv,1
112,Hot Pink,1MmVkhiwTH0BkNOU3nw5d3,album,Doja Cat,12
113,By Your Side (feat. Tom Grennan),6Z6QdCXb3IBonAUSwLP4iB,single,Calvin Harris,1
114,MORENA,4nGg3WC1UXnrDdlF1E2urv,single,Luan Santana,1
115,÷ (Deluxe),3T4tUhGYeRNVUGevb0wThu,album,Ed Sheeran,16
116,Señorita,2ZaX1FdZCwchXl1QZiD4O4,single,Shawn Mendes,1
117,Game Music,5Rga1oZ0OIXnTaJ5CZCqIV,compilation,Justin Bieber,35
119,2:50 Remix,0hbwAcjGBGP2gutKpQHA8d,single,MYA,1
121,BLAME IT ON BABY,623PL2MBg50Br5dLXC9E9e,album,DaBaby,13
122,Kid Krow,2CMlkzFI2oDAy5MbyV7OV5,album,Conan Gray,12
123,you broke me first,1RWiRfdNZKDe8VXzzf2VEc,single,Tate McRae,1
124,The Days / Nights,0h2knr6qpiAq0tV5ri5JMF,album,Avicii,4
125,Dream Your Life Away (Special Edition),5S9b8euumqMhQbMk0zzQdH,album,Vance Joy,15
126,Nevermind (Remastered),2guirTSEqLizK7j9i1MTTZ,album,Nirvana,13
128,Wiped Out!,18iFxjZugvKhuNNMbLjZJF,album,The Neighbourhood,11
130,Miss The Rage (feat. Playboi Carti),1FsFHXroF1ILBdVyBRMt3A,single,Trippie Redd,1
132,Long Way Down,3oEqMQVxXfn2jGRaauU2iv,album,Tom Odell,13
133,Here's Your Perfect,6yNuKzr4GNs1c7Kpdf7c5w,single,Jamie Miller,4
134,Hozier (Expanded Edition),4Pv7m8D82A1Xun7xNCKZjJ,album,Hozier,15
135,Little Bit of Love,0NZUGfUMwjt3bPlVHxnIN2,single,Tom Grennan,5
136,"Falando de Amor, Vol. 1",1XNqME96E9GBNYCv8wFbn2,single,Gusttavo Lima,6
137,Up,5BNrcvfbLyADks4RXPW7VP,single,Cardi B,1
138,Hawái (Remix),1Ag9EPbzibwzz0S0WpgX3v,single,Maluma,1
139,New Normal,3icfuNPdPHFm1FS8WdBvRk,single,Khalid,1
140,A Night At The Opera (Deluxe Remastered Version),6X9k3hSsvQck2OfKYdBbXr,album,Queen,18
141,Bandido,5sIyJyOgwEIOgBhLxIGG3t,single,Myke Towers,1
142,Paradise,15sy3XQFShOFiDpKoxByyA,single,MEDUZA,1
144,Wasted Love (feat. Lagique),0i72GjB523RgrjK8HUa61B,single,Ofenbach,1
145,KESI (Remix),00R62QqtlwSpAuwkS5kxB3,single,Camilo,1
146,A Star Is Born Soundtrack,4sLtOBOzn4s3GDUv3c5oJD,album,Lady Gaga,34
147,Tell Em,3OE8gkPLqI9zr3hlEz6ruQ,single,Cochise,1
148,Piseiro Sofrência,5rNhX35Cmsq568dSUTDPO5,album,Mari Fernandez,10
149,Native,2bbhW5ifCwOYM8DMkqoYBF,album,OneRepublic,15
150,Parachutes,6ZG5lRT77aJ3btmArcykra,album,Coldplay,10
151,Como Si No Importara,4wiXwwbxNfFVPVKHxov5Tr,single,Emilia,1
153,True,2H6i2CrWgXE1HookLu8Au0,album,Avicii,10
154,Baby Me Atende,1uDk1yrR8cucbTmpXR1G6V,single,Matheus Fernandes,1
155,Skate Hits,5bp1C5DPI89GVxkTRv6OdS,compilation,Vegedream,24
156,Shoot For The Stars Aim For The Moon,7e7t0MCrNDcJZsPwUKjmOc,album,Pop Smoke,19
157,All My Demons Greeting Me as a Friend (Deluxe),0ltlJlYNzuXoMMv7fie9D9,album,AURORA,17
158,Red Light Green Light,2u1Wc12FWm7X2ueUHCHxJC,single,DaBaby,1
159,Ball If I Want To,6N9oICOUm4QT2YpWdKwUlu,single,DaBaby,1
160,Goodbye & Good Riddance,6tkjU4Umpo79wwkgPMV3nZ,album,Juice WRLD,17
161,Destined 2 Win,3MEKpJ7wSSp6Z661ThjrUJ,album,Lil Tjay,21
163,Cover Me In Sunshine,7p0HJKqXo2WpApHFp1iDcI,single,P!nk,1
166,WAP (feat. Megan Thee Stallion),2ogiazbrNEx0kQHGl5ZBTQ,single,Cardi B,1
167,Hot Fuss,4undIeGmofnAYKhnDclN1w,album,The Killers,11
168,Synchronicity (Remastered 2003),5W9OT0a5iZlBr83a9WMKFY,album,The Police,11
169,Rumours (Super Deluxe),0BwWUstDMUbgq2NYONRqlu,album,Fleetwood Mac,58
170,Back from the Edge,7oiJYvEJHsmYtrgviAVIBD,album,James Arthur,17
171,Wild Side (feat. Cardi B),16maAu5lqvFBSEEHyB5GzV,single,Normani,2
172,Faith,2MlT9dGKoGH2hsfcz7UUXL,album,Pop Smoke,20
174,death bed (coffee for your head),2p9gK2BcdrloHNJwarc9gc,single,Powfu,1
175,Our Song,0zocAVUSizQ74Cn8nCsN3a,single,Anne-Marie,1
176,The Game (Deluxe Remastered Version),6wPXUmYJ9mOWrKlLzZ5cCa,album,Queen,15
177,Views,40GMAhriYJRO1rsY4YdrZb,album,Drake,20
179,As the World Caves In,0RiimwsSMUsxrBu0RsyuRH,single,Sarah Cothran,1
180,Country Stuff,1Lcuv3HMgEG36SkibQIspv,single,Walker Hayes,6
181,VICE VERSA,5hKAQ3WuOJtaOW2a8hpIXY,album,Rauw Alejandro,14
182,Love In The Future (Expanded Edition),4OTAx9un4e6NfoHuVRiOrC,album,John Legend,20
183,THE GOAT,39xhYyNNDatQtgKw2KdXMz,album,Polo G,16
184,Meet The Woo,6d1vGZsr6Uy3h9IigBpPAf,album,Pop Smoke,9
185,Best Friend (feat. Doja Cat),28Yv9BE6ZI6dccK0sxbEq4,single,Saweetie,1
186,Beauty Behind The Madness,0P3oVJBFOv3TDXlYRhGL7s,album,The Weeknd,14
187,Good Days,781cKhbTPwLnPmo9BALQl7,single,SZA,1
188,Therapy,4AeowfpQNCScPBpPhnovKM,album,Anne-Marie,12
189,De Museo,27ei92dKdKhBVhEVA2ziRR,single,Bad Bunny,1
190,"thank u, next",2fYhqwDWXjbpjaIJPEfKFw,album,Ariana Grande,12
191,No Love Lost (Deluxe),7AwrgenNcTAJlJF3pKL0Qr,album,Blxst,14
192,Não Nasceu pra Namorar,17id6KvXhh7BXEKPfetHTQ,single,MC Zaquin,1
193,Breaking Me,3nBQlhUvErkw8DVpF47WAn,single,Topic,1
194,DOCE 22,1bR2SlwIKwvCZBFhDfYr6x,album,Luísa Sonza,14
195,late at night,2WFC0XUBROo4X2vxLwtB4u,single,Roddy Ricch,1
196,We're All Alone In This Together,6HwzIlrCDq3WF9vMq8meqG,album,Dave,12
197,The Marshall Mathers LP,6t7956yu5zYf5A829XRiHC,album,Eminem,18
198,Faith (Deluxe),1n5t4LXCTAmiJmyMtbBxVU,album,Pop Smoke,30
200,Holy Smokes (feat. Lil Uzi Vert),0TysZSXUKnqnQMeY40eaqg,single,Trippie Redd,1
203,Holiday,2FiATmtrSNjakqKjqgC6Vb,single,KSI,1
206,CALL ME IF YOU GET LOST,45ba6QAtNrdv6Ke4MFOKk9,album,"Tyler, The Creator",16
207,Sommergewitter,0y1jv7eymP0ZOITC6hQHyP,single,Pashanim,1
208,"Body (Remix) [feat. ArrDee, E1 (3x3), ZT (3x3), Bugzy Malone, Buni, Fivio Foreign & Darkoo]",3ucQ8ogD2Li2U0rwkrdwlx,single,Tion Wayne,1
210,AM,3dGUvydBX9qhg2YBMsVope,single,Nio Garcia,1
211,MI FAI IMPAZZIRE,59L5yJfDpvDFynmhe2QbYS,single,BLANCO,1
212,Ride It,4zOhjJfe0dwqsNdDYk622E,single,Regard,1
213,Labor Day Party,1Lc8L1V5jpwJCKHMqSXto7,compilation,Billie Eilish,20
214,Sob Rock,2JmfwvRDitJlTUoLCkp61z,album,John Mayer,10
215,Wrecked,2qjb5OwlllLLOmrueU08kG,single,Imagine Dragons,1
216,Bipolar,1iCDTyPPAevNAvqC6WFlRy,single,Mc Davi,1
217,"His & Hers (feat. Don Toliver, Lil Uzi Vert & Gunna)",1arPptaPtDyBisMtMBe2q6,single,Internet Money,1
218,Follow You / Cutthroat,1nz0PWfAcTQVbFtpU6u1UY,single,Imagine Dragons,2
219,Future Nostalgia (The Moonlight Edition),0JeyP8r2hBxYIoxXv11XiX,album,Dua Lipa,19
222,Revelación - EP,2jGa3OwXatFYQAIS7OV7k9,single,Selena Gomez,7
223,The Jackie (with J. Cole & Lil Tjay),6xiJPpCpSaM5l4Fz8IYjyU,single,Bas,1
225,Faz Amor Comigo Só Hoje (Ao Vivo),3J7UQC40YfybB6TvralOEK,single,Israel & Rodolffo,1
226,Taste of Love,00vb6sViDbJLmLLchfbRh4,single,TWICE,6
227,WHOLE LOTTA MONEY (feat. Nicki Minaj) [Remix],7swo0lVREzeFmLpCTKAkzs,single,BIA,1
228,Memory,0jpQZkMeWh9yysxyTSCywk,single,Kane Brown,1
229,Me Fije,14FrKuNUxsU8eEooOVW1DC,single,Alex Rose,1
230,"Volta Bebê, Volta Neném",3jiWsFqKpHy8Ql3sW54xFz,single,Dj Guuga,1
231,"Aloha (feat. Darell, Mambo Kingz & Dj Luian)",7F8Usvm4Vj3XlRztSBRfEH,single,Maluma,1
233,Closer,0rSLgV8p5FzfnqlEk4GzxE,single,The Chainsmokers,1
234,(What's The Story) Morning Glory? (Deluxe Remastered Edition),6tOe4eAF8xNhEkl9WyvsE4,album,Oasis,40
235,Wasting Time ( feat. Drake & The Neptunes ),2brWccDLT5vREu0FxqH6Az,single,Brent Faiyaz,1
237,Renegade (feat. Taylor Swift),4kD0pFwhEjEiF9pwUwkpNo,single,Big Red Machine,3
240,KHALED KHALED,5kE2OAuUYGBqqzscqgBXXf,album,DJ Khaled,14
241,Dick (feat. Doja Cat),5gH9EDMWWiLEplNCLb1r7l,single,StarBoi3,1
242,Solar Power,0pAF4Jr6MPQ2u0vqG2VOjd,single,Lorde,1
244,Lieben wir,6NkCPaJkMC25FyhmAg2yc6,single,Shirin David,2
245,Whoopty,5oBYG6dEI2Er6EeLnmonGE,single,CJ,1
246,"Aqui e Agora, Vol.1 (Ao Vivo)",40T4QuY2o5FmisyJf3AlEf,album,Israel & Rodolffo,9
247,Prisoner (feat. Dua Lipa),3hUh17FzYZwwZyNjU9B3vL,single,Miley Cyrus,1
248,The Papercut Chronicles II,2mumCpGmuE9iDeOvMx6XrB,album,Gym Class Heroes,11
249,Reloj,56vYUqyoaBCrokFauIuXIk,single,Rauw Alejandro,1
250,sangiovanni,4fEIBZaOmbxZnzAJ9SEx4v,single,sangiovanni,6
251,"Eladio Carrion: Bzrp Music Sessions, Vol. 40",4b2xHCwmoOeGHbo15dtqfb,single,Bizarrap,1
252,AM,78bpIziExqiI9qztvNFlQu,album,Arctic Monkeys,12
266,Culture III,3uyOwJu4r3yroAkFywNFM3,album,Migos,19
269,MILLE – feat. Orietta Berti,4hxHffYYs32MfS9C1H5l6q,single,Fedez,1
270,UN DIA (ONE DAY) (Feat. Tainy),6aqSlutLYNpzSsK4dV5jTr,single,J Balvin,1
271,Savage Love (Laxed - Siren Beat),1XMw3pBrYeXzNXZXc84DNw,single,Jawsh 685,1
273,Más Negro Que Rojo,1dzGsItgF4Gp1G4TNsdoXU,album,Boza,14
274,working,4iCcsBlzVQVZoJzxBvhuyS,single,Tate McRae,1
275,Avec le temps,5TE2SiYrwOUejoaU26rcs8,album,Soso Maness,17
276,The Off-Season,4JAvwK4APPArjIsOdGoJXX,album,J. Cole,12
278,17,5VdyJkLe3yvOs0l4xXbWp0,album,XXXTENTACION,11
279,Hall of Fame,7KSf6p0G0mZd7j60etVTwT,album,Polo G,20
280,Please Excuse Me for Being Antisocial,52u4anZbHd6UInnmHRFzba,album,Roddy Ricch,16
281,Wellerman (Sea Shanty / 220 KID x Billen Ted Remix),1zEBi4O4AaY5M55dUcUp3z,single,Nathan Evans,1
282,The Heist,76FXHQhTuT4QMIxfL09gX8,album,Macklemore & Ryan Lewis,15
283,Sending Sunny Vibes,4Fj6COudt9pXRfaELtaqwx,compilation,Justin Bieber,33
284,Tickets To My Downfall,57lgFncHBYu5E3igZnuCJK,album,Machine Gun Kelly,15
286,HIGHEST IN THE ROOM,2uDTi1PlpSpvAv7IRAoAEU,single,Travis Scott,1
287,Future Nostalgia,7fJJK56U9fHixgO0HQkhtI,album,Dua Lipa,11
288,Laugh Now Cry Later (feat. Lil Durk),0qGdc7fNq9RNIPEzZufa43,single,Drake,1
289,We Are The People (feat. Bono & The Edge) [Official UEFA EURO 2020 Song],06RhAj4FSp8YlDyrxulgbt,single,Martin Garrix,1
290,Ella No Es Tuya (Remix),5Jk2ROWL8a4RxmFNiT8pvA,single,Rochy RD,1
291,Hybrid Theory (Bonus Edition),6hPkbAV3ZXpGZBGUvL6jVM,album,Linkin Park,15
292,2014 Forest Hills Drive,7viNUmZZ8ztn2UB4XB3jIL,album,J. Cole,13
293,ASTROWORLD,41GuZcammIkupMPKH2OJ6I,album,Travis Scott,17
294,Memories...Do Not Open,4JPguzRps3kuWDD5GS6oXr,album,The Chainsmokers,12
295,You,6cWawCk4DohREQA42eEOe1,single,Regard,1
296,Straightenin,7MFj8Fxl8OrEAOyOBSMz51,single,Migos,1
297,GANG GANG (with Lil Wayne),6btRTjUy9a9qSSqgJ8a38S,single,Polo G,1
299,JORDI (Deluxe),2dnLi41uRXC7aNqDmcEc0P,album,Maroon 5,14
301,Heaven & Hell,26c7MmQ4w8EAvVLb4jilaM,album,Ava Max,16
303,TRANSLATION,0uxvuY8Ek2ojzHrWTg2PDc,album,Black Eyed Peas,15
306,Festival Headliners,6g6A7CWIWqaqdZIok2N2Ym,compilation,Billie Eilish,35
308,Todo Mundo Ama O Chris (Ao Vivo),5bISzaxE6WVsJjQj2BpWTX,album,MC Kevin o Chris,23
310,SUN GOES DOWN,30jNiJYIOY3ok6LzaO0Wv0,single,Lil Nas X,1
312,Rain On Me (with Ariana Grande),4TqgXMSSTwP3RCo3MMSR6t,single,Lady Gaga,1
313,The Voice of the Heroes,6CvBb1XqN0igtQrWrbXD80,album,Lil Baby,18
316,The Chaos Chapter: FREEZE,5Zdr9vactwnJH4Vpe9Mid9,album,TOMORROW X TOGETHER,8
318,NEVER LEFT,0PMJvFnZxXl9LToaZFHhxp,single,Lil Tecca,1
319,Slime Language 2,3ihwKkIMJWmmp1huNH0iWC,album,Young Stoner Life,23
320,La Nota,61qU7ompl7BKKGEgsbO4Ly,single,Manuel Turizo,1
323,pov: ur getting ready,1LLwtd7lvIqyP9sVmdPFJ0,compilation,KAROL G,20
324,DEMIDEVIL,438ToDoVaJH5aTIXXrlDyI,album,Ashnikko,10
325,Killer (feat. Jack Harlow & Cordae) [Remix],0H1ASykMKIX8PYfqxbxBar,single,Eminem,1
326,Liberdade (Quando o Grave Bate Forte),0x28JzvWpaqtzw2YWKubKR,single,Alok,1
328,Goodbye & Good Riddance (Anniversary Edition),7h6LprunlK3vhvDXQ2Qdqd,album,Juice WRLD,18
329,MAP OF THE SOUL : PERSONA,1AvXa8xFEXtR3hb4bgihIK,album,BTS,7
330,Disco Arranhado (Funk Remix),4iQUKFW9eZNn2fWcxuANT8,single,Malu,1
331,Music To Be Murdered By,4otkd9As6YaxxEkIjXPiZ6,album,Eminem,20
332,Blueberry Faygo,6rBennOYWR1OZQnsU39PKL,single,Lil Mosey,1
333,Making Mirrors,1HjSyGjmLNjRAKgT9t1cna,album,Gotye,12
334,Holy,4hR7jjsPvRwwcHx8ntJSQS,single,Justin Bieber,1
335,Vida Louca,3qaeGIuXmO4lNgGgerapPc,single,Mc Poze do Rodo,1
338,Film out,2jae5Jx8Yh1WjP1K4wTFUa,single,BTS,1
339,Voilà,7dg4laFCDLBu0Oi2uWyafE,single,Barbara Pravi,1
340,Scaled And Icy,0Q5XBpCYFgUWiG9DUWyAmJ,album,Twenty One Pilots,11
343,Beam Me Up Scotty,2upw5IrzeqKApIQZyx5o6r,album,Nicki Minaj,23
344,Dark Side,6Z6iyt5AgvnG2pPAgOTtSZ,single,Blind Channel,1
345,SHUM,4AQOhI7QMKq9vmHuzduPRk,single,Go_A,2
346,GUESS WHO,1PKhKkeCqANY5E9RGcUWUX,single,ITZY,6
349,Ramen & OJ,48ahZJLcagb8VTgRAuv6WQ,single,Joyner Lucas,1
350,Honeymoon,6QZyKchQivUBTSMcoBmlPa,album,Beach Bunny,9
351,Tout l'univers,1UnqlxXSM5dlxZi6vLIIEH,single,Gjon's Tears,1
353,Mask,5d9iCqwcR7htS1E7OxOnhp,single,Dream,1
354,10 Years,2Zegz0LaKZgwrLo5UbEa2x,single,Daði Freyr,1
362,WITHOUT YOU (with Miley Cyrus),6Aqt69riJ3JPLxIEI8EkzT,single,The Kid LAROI,1
363,"Snow Tha Product: Bzrp Music Sessions, Vol. 39",3GN1tT5enSZQ6lMDtls3an,single,Bizarrap,1
364,Travesuras (Remix),1rQpXDegLbNBpe0fshpeKa,single,Nio Garcia,1
365,Electra Heart (Deluxe),5N1aNUXaHDD7YsjhbCM9JZ,album,MARINA,16
367,Para Mi Ex,4ht3ZwHsmWhrrR8LcKd62u,single,Myke Towers,4
368,No Te Enamores (Remix),77aeZo4yYPoMsnnRtPPpuk,single,Milly,1
369,Latino Summer 2021,3XKgudJjEO0LyMBLBZii1Z,compilation,Daddy Yankee,25
370,Lonely (with benny blanco),3P5WIUJO0Ots1lQx09TOxk,single,Justin Bieber,1
371,The Papercut Chronicles,4Ug3M4a8wAEebndVIF65fX,album,Gym Class Heroes,18
372,If the World Was Ending (feat. Julia Michaels),7BrlhEO8dHiNmU8A1Ep9RZ,single,JP Saxe,1
375,Be Happy,23HZ9nPj3Ok29gFkovIHVn,compilation,Billie Eilish,33
376,What You Need,73woFqDhh7dKipDzYyHJwZ,single,Don Toliver,1
377,"L-Gante: Bzrp Music Sessions, Vol. 38",6ScNKLKYY6rpgCIJThLnMH,single,Bizarrap,1
378,HOLIDAY,4EvukZrmNBiqJbs3LwOSHu,single,Lil Nas X,1
379,The Prelude,3Qj2vsFzmaB8jcH6Q60WIG,single,Pink Sweat$,6
380,Life Is Good (feat. Drake),5uCEoLCj3ZZZ1EtzQdQWVl,single,Future,1
381,Sampler 5,6vxv7hGXgjaUmMt9UyXFpG,album,187 Strassenbande,15
382,Legends Never Die,6n9DKpOxwifT5hOXtgLZSL,album,Juice WRLD,22
383,Fan de Tus Fotos,2AWg2kHOfuRPjJKYyttF9T,single,Nicky Jam,1
384,Som No Talo,7vmK77PL6WhlC2oIDJiFR2,album,Raí Saia Rodada,7
385,Machu Picchu,7jqXGkhOKZ3wuZuD6IgTYR,single,Camilo,1
387,Death Race For Love,1GYVNOzwhx1nMcIJDogSNp,album,Juice WRLD,22
388,Tudo Em Paz,57h6WHDjwNGIs5NMeKYEoL,album,Jorge & Mateus,15
389,SugarCrash!,064pDjy5L2sQn0XLJj2wWx,single,ElyOtto,1
390,durag activity (with Travis Scott),2JFAT4IDF89ZMmuxoOKbQ1,single,Baby Keem,1
391,love race (feat. Kellin Quinn),3q4wUTOTsRASPClG5Fg3tk,single,Machine Gun Kelly,1
392,POPSTAR (feat. Drake),5nNtpPsSUgb9Hlb3dF1gXa,single,DJ Khaled,1
394,Girl From Rio (feat. DaBaby),0uN90eZNqNt3b2VHi3YApF,single,Anitta,2
395,R,5BQcoDfcZ8aBcikYX9B7Ob,single,ROSÉ,2
396,Fearless (Taylor's Version),4hDok0OAJd57SGIT8xuWJH,album,Taylor Swift,26
397,Summer Heartbreak,0OCnSyYyXRJ0zxpDD8w5Dz,compilation,Billie Eilish,37
398,Otra Noche Sin Ti,0Q7L1MC5jSE0srnjEWCifV,single,J Balvin,1
399,Dancing With The Devil…The Art of Starting Over,7LEb5SYZrXiB8NDj2oYvOd,album,Demi Lovato,19
400,Back In Blood (feat. Lil Durk),1VARhsCn3CIog9r2lz6gq5,single,Pooh Shiesty,1
402,Mi Niña,5F7rUv9XZPAnNfeKCYkqZS,single,Wisin,1
404,Come Through (feat. Chris Brown),7qKY8n8wPUizIo2bfSWUEB,single,H.E.R.,1
406,Put Your Records On,6K7559pAYrNCJwsv1uIIK7,single,Ritt Momney,1
407,Facas (Ao Vivo),0t4odyaTT5r6RJ7L2CjR8q,single,Diego & Victor Hugo,1
409,Monster,3yVVL2EYLp8g7gT08VvYKy,single,Shawn Mendes,1
411,?,2Ti79nwTsont5ZHfdxIzAm,album,XXXTENTACION,18
412,Good Without,1TushXSMlKucNp0KziSAU4,single,Mimi Webb,1
413,everything means nothing,0fxhOwMkj9lfSIAyTJVnfc,album,blackbear,12
414,Unorthodox Jukebox,58ufpQsJ1DS5kq4hhzQDiI,album,Bruno Mars,10
416,Blurryface,3cQO7jp5S9qLBoIVtbkSM1,album,Twenty One Pilots,14
420,Safadão Amplificado,3qHr515eeTF5tfUCHaCkse,album,Wesley Safadão,8
421,"Da Roça Pra Cidade (Ao Vivo), Vol. 02",0EB9cgGjaXmq2YDrcpdSDE,single,Os Barões Da Pisadinha,2
422,evermore,2Xoteh7uEpea4TohMxjtaq,album,Taylor Swift,15
424,Thinking Out Loud - Beautiful Songs,0Lr2YFFuf2lPMFbhCtbuYW,compilation,Ed Sheeran,30
425,OASIS,6ylFfzx32ICw4L1A7YWNLN,album,J Balvin,8
428,The Definition of X: Pick Of The Litter,2ge7Lk4Sl7hHs4AYxqDbf1,compilation,DMX,20
431,You All Over Me (feat. Maren Morris) (Taylor’s Version) (From The Vault),5xd9LleY1wqsgKVTwLoXYI,single,Taylor Swift,1
436,It's Dark And Hell Is Hot,2xIhksIizs6gWdRBYdiTLc,album,DMX,19
441,Relación (Remix),2O985DZAb4i6M6iu4HWqSX,single,Sech,1
444,WACHA,6DHfMP3XhSQYlxs5a9l7s4,single,KHEA,1
445,Dancing With The Devil,66iecOgRs3V9I0Ux27kDQK,single,Demi Lovato,1
447,What Other People Say,0VzqGKZQDQLSse6W0hgABW,single,Sam Fischer,1
448,Shoot For The Stars Aim For The Moon (Deluxe),2MDU46hcBn3u94s46BOSdv,album,Pop Smoke,34
449,KrING,0UEG3km1FB7nGZHwiSun8x,album,Kevin Roldan,26
450,Take You Dancing,3II80i5KpS38r0QjNzu8ly,single,Jason Derulo,1
452,Stuck with U,5mUdh6YWnUvf0MfklEk1oi,single,Ariana Grande,1
453,O My Heart,0X7S0TEZ5NJsSxmyTnfYi2,album,Mother Mother,12
454,Baile do DJ Ivis: Piseiro Hits,5ZQkhktccNQUltL9orQP33,album,DJ Ivis,10
455,Además de Mí (Remix),38DYAL9bTbpSQpZwENwj78,single,Rusherking,1
456,Overexposed,5x7JzoE4A3DwwU6FPt8qws,album,Maroon 5,12
459,Thats What They All Say,5g2INX6dnMIJG0xKygXwF3,album,Jack Harlow,15
460,Hunting High and Low,1ER3B6zev5JEAaqhnyyfbf,album,a-ha,10
461,BEBÉ,0krfGu8Xf8xZGOeEcQUjai,single,Camilo,1
462,Tu Veneno,49Et8wid3L8iKof9lu78SS,single,J Balvin,1
465,Tusa,7mKevNHhVnZER3BLgI8O4F,single,KAROL G,1
466,Enoc,69iuPQsXel3luOSDNF0q2Q,album,Ozuna,20
468,Girls Like Us,5boy0Dm6JWz7YP8yIWdiyg,single,Zoe Wees,2
471,Love Not War (The Tampa Beat),3CHys9v5aX1NS861o6r556,single,Jason Derulo,1
473,Starboy,2ODvWsOgouMbaA5xf0RkJe,album,The Weeknd,18
474,La Tóxica,1R0ocprmeDu8ZkZn29xYFx,single,Farruko,1
475,"No Pelo 3, Pt. 1 (Ao Vivo)",3IfMlmwvbnO0yPVTNCnwAb,single,Hugo & Guilherme,5
477,My World 2.0,3BmcYMh0KYsimWL6p2gPa9,album,Justin Bieber,10
478,Chemtrails Over The Country Club,6QeosPQpJckkW0Obir5RT8,album,Lana Del Rey,11
479,Polvo,3xhACmNvvaKmvdslE1bevB,single,Nicky Jam,1
481,PAPI JUANCHO,0p2yf6DucEgvj8Uk8KXJJv,album,Maluma,22
482,Ropa Cara,02ydUO8KGCVf3WQyCmEh4G,single,Camilo,1
483,Vida de Rico,0MmIH2uM4bUsF5VbEkCKzT,single,Camilo,1
484,Providence,1RVXVo1puacM8aQ6hgQahi,album,Hippie Sabotage,11
485,Ponte Pa' Mi,3Nle45IcWgxIkXQw8EtYq1,single,Justin Quiles,1
487,Patience (feat. YUNGBLUD & Polo G),5Pw9JWUXrroWXylJklvlVc,single,KSI,1
488,Selfish Love (with Selena Gomez),0WvtxtkwXaFDLrmOl9mXDQ,single,DJ Snake,1
489,Everyday Is Christmas (Deluxe Edition),2vcGYJcPfXUmCdcXXqqukg,album,Sia,13
490,DAYWALKER! (feat. CORPSE),2y8j3djW8ZswvAbEcPBBti,single,Machine Gun Kelly,1
491,Platonicos,5sEpXan86hEcM8eZSAoWhw,album,Jay Wheeler,12
492,All We Got (feat. KIDDO),7wzcIKvtXDWs1VA2BMHuaY,single,Robin Schulz,1
495,Currents,79dL7FLiJFOO0EoehUHQBv,album,Tame Impala,13
498,Where The Shadow Ends,7jPoliCU7TRA13Wro32AOD,album,BANNERS,12
499,Flying Solo,3QUGmEDo4oijL93sKzlsR4,album,Pamungkas,11
500,THE ALBUM,71O60S5gIJSIAhdnrDIh3N,album,BLACKPINK,8
501,LOST,37vODwacugRbv9eutcOQEV,single,NF,1
503,AP (Music from the film Boogie),2xAPKH0b7vGsyD5xzkPpnI,single,Pop Smoke,1
504,Life’s A Mess II (with Clever & Post Malone),4BUBmfexqfuvnaVT7ZnFiR,single,Juice WRLD,1
505,CHIAMAMI PER NOME,6Q4QCwk7I4Ox4rsKpsQY8O,single,Francesca Michielin,1
506,Los Dioses,28adqly9V7wm5DFr7hlqtK,album,Anuel AA,12
507,ULTRA,6BpbeB9VUpEBID5maQ8sHl,album,Booba,14
508,Real As It Gets (feat. EST Gee),0SO86DCFiwaTqchBpujace,single,Lil Baby,1
509,Se Te Nota (with Guaynaa),4XiHCUNnGgnnN5xkGue4RF,single,Lele Pons,1
510,Head Shoulders Knees & Toes (feat. Norma Jean Martine),1MZ3ZQqAV3wFjHjaOe6KFz,single,Ofenbach,1
511,Star Shopping,1dEpGPZONvmwYlE2jDOWOM,single,Lil Peep,1
512,Dopamine,17l7MIu0Jh0tdgK7or9ovw,album,BØRNS,11
514,Only Wanna Be With You (Pokémon 25 Version),2xZhidR4y5OPpCRYF09XB4,single,Post Malone,1
515,Positions (Deluxe),74vajFwEwXJ61OW1DKSPEa,album,Ariana Grande,19
516,El Madrileño,52QyC9nSbgtHFXyQRHsXJ9,album,C. Tangana,14
517,SO DONE,5fyH2H1o23bLNIxGu9JcMq,single,The Kid LAROI,1
518,Jeans,2CihHxhe77TEB6YEWBRVru,single,Justin Quiles,1
519,ROXANNE,6HJDrXs0hpebaRFKA1sF90,single,Arizona Zervas,1
520,beerbongs & bentleys,6trNtQUgC8cgbWcqoMYkOR,album,Post Malone,18
522,Without Me,0zzrCTzvL4ZmR42xF46Afm,single,Halsey,1
524,Changes,63iWSELt9V1kV6RSMxN7Ii,album,Justin Bieber,17
525,Immunity,4kkVGtCqE2NiAKosri9Rnd,album,Clairo,11
526,x (Deluxe Edition),1xn54DMo2qIqBuMqHtUsFd,album,Ed Sheeran,16
527,100 Pro,3KAtEV9jbwMKd1BPbN4XfV,album,Bausa,16
528,CLOUDS,0LkFxAGmPJ68K5lrg3sn6Z,single,NF,1
529,Rock Para Niños,71MkL6Kt7PlZ30J0A1IJE8,compilation,Shawn Mendes,15
530,Skin,6JISV6SiJtQnIsNC6OVpUf,single,Sabrina Carpenter,1
531,Tyler Herro,4Vd7lpztpJdmMt9hrLfXWe,single,Jack Harlow,1
532,Remember That Night?,239r63fqY8PyWX9WcgwNzP,single,Sara Kays,1
533,Lifestyle (feat. Adam Levine),0SNj1uja6FAoffAMOTdlLy,single,Jason Derulo,1
534,Fly Away,7jRjPcWQMYGtD6gPBDZiAq,single,Tones And I,1
537,I Don't Care (with Justin Bieber),5Nux7ozBJ5KJ02QYWwrneR,single,Ed Sheeran,1
538,Hits de Verano,0ntChP0r0kOsSj8gldq85M,compilation,KAROL G,30
539,"Nathy Peluso: Bzrp Music Sessions, Vol. 36",3aZthZKHMbbleXcilISjha,single,Bizarrap,1
541,Tattoo (Remix with Camilo),3Na85E6foBKxAeoAojX427,single,Rauw Alejandro,1
542,Diferente dos Iguais,6mpiRhzd62ck4gh6E0A5NF,album,Tarcísio do Acordeon,16
545,Toosie Slide,3xIwVbGJuAcovYIhzbLO3J,single,Drake,1
547,ily (i love you baby) (feat. Emilee),4MHHajvRTUHItDsvfdIC8B,single,Surf Mesa,1
550,Bad Boy (with Young Thug),5hUFZjxtqYvxm9FGUhHCdE,single,Juice WRLD,1
551,Lo Vas A Olvidar (with ROSALÍA),4E8puNI8tw7cXz6YJkwMew,single,Billie Eilish,1
552,Floating Through Space,0BE9HxEf6RRDyni3SSvM6t,single,Sia,1
554,You (with Marshmello & Vance Joy),3U75bXq9LhqZoaGoBCXikn,single,benny blanco,1
555,"My Dear Melancholy,",4qZBW3f2Q8y0k1A84d4iAO,album,The Weeknd,7
556,Midnight Sky,7z5fmW3FDD6jlpJtwMXV51,single,Miley Cyrus,1
557,Pressure (feat. Tove Lo),5s55A56E4N7390TTEUzwKN,single,Martin Garrix,1
558,Sempiternal (Expanded Edition),6IYPmM3xsOPL2XPSvf1ZAz,album,Bring Me The Horizon,13
559,#7DJ (7 Días En Jamaica),7vZC8PTQUCcw3687OxqY98,album,Maluma,7
560,Mds,2x3FO0DZC61UwKBFNsnkzX,single,Kawe,1
563,Be Alright,0YZLXTaHLcgl5UdtKDiUXD,single,Dean Lewis,1
564,Good News,0KjckH1EE6HRRurMIXSc0r,album,Megan Thee Stallion,17
565,DI LETRA,1NTAPW8MixdsXxAi4v9hBn,album,Jerry Di,9
566,Ohne Dich,6UkcKpsOgl3cHt90Ewypvm,single,KASIMIR1441,1
567,"Gravity (feat. Tyler, The Creator)",6ymw9w3tGhxVGBskQAhsvm,single,Brent Faiyaz,1
568,Vibez,18VcdfV5jJVjn10mh0vOYt,single,ZAYN,1
569,"All I Want (From ""High School Musical: The Musical: The Series"")",5p3gSxNiXeYlPlztVAUjB2,single,Olivia Rodrigo,2
570,Daisy,5tRhwDUyr3HypAaJysxUki,single,Ashnikko,2
571,Dangerous: The Double Album,6JlCkqkqobGirPsaleJpFr,album,Morgan Wallen,30
572,La Jeepeta (Remix),5emzM1P5GGeroiivNQgCq4,single,Nio Garcia,1
574,Si Me Tomo una Cerveza,5TXzXK8XclNSvQccVUiCf2,single,Migrantes,1
575,Somebody’s Problem,7L75Zpj3pTQf3s3CDOnrwr,single,Morgan Wallen,1
577,Way Out (feat. Big Sean),4TEJbgC8t4vVyIhDyxA6DU,single,Jack Harlow,1
578,Diamonds,2IAyprsfyoPBGDvbLjgsN5,single,Sam Smith,1
579,Dancing in My Room,3t1MvGhT6LU3fOIp3KMrta,single,347aidan,1
580,Afrodisíaco,3fq06DDIkadDRB9RuBb22v,album,Rauw Alejandro,16
582,Slime & B,7fZKtzZAsfH0kzeTivu5TG,album,Chris Brown,13
583,Reminds Me Of You,16ilcI6xOgSh3Jd3bxF6MI,single,Juice WRLD,1
584,Don't Play,707Yo7tTEf4TYZVIVde1uM,single,Anne-Marie,1
585,País do Funk,1UfFP03jt93AqavUT47Lbs,compilation,Luísa Sonza,20
586,Erica Banks,5d0diKuXWPHNxon86lnjOJ,album,Erica Banks,12
589,Caramelo,6HZe6aICWesZsze5OKlvMD,single,Ozuna,1
590,Sleepy Hallow Presents: Sleepy For President,3P7EIeXmzJQNT1xs4Q6Xzd,album,Sleepy Hallow,12
595,La Luz,68JMNFwtqRgtdY4ufFG8EE,single,Sech,1
599,Recairei (Ao Vivo),1VqC063saacxnL4IlMnHtI,single,Os Barões Da Pisadinha,1
601,Be Kind (with Halsey),1eleCBhP2R8TXEDquvybwC,single,Marshmello,1
602,Fever,35c9iadFgrCWLY0tuJH23H,single,Dua Lipa,1
603,Angst,6DGKop9M8Wm9G2ozJopGiA,single,Apache 207,1
605,Where the Light Is,3mMWlBGocBwsS1Q0o9wvlc,album,Surfaces,10
606,Amor ou o Litrão,0qNwJrFHuC0nQt9J4UwEqn,single,Petter Ferraz,1
607,Happier,78EicdHZr5XBWD7llEZ1Jh,single,Marshmello,1
608,Jazz (Deluxe Remastered Version),21HMAUrbbYSj9NiPPlGumy,album,Queen,18
609,Colores,2mX8ktJoWvyidWBU9U8Jis,album,J Balvin,10
610,Conquistas - EP 1 (Ao Vivo),2ox3dMDK8hSZ1kkIJRbslu,single,Os Barões Da Pisadinha,3
611,Man On The Moon III: The Chosen,64nbgEEIcY4g1ElVLONJ0w,album,Kid Cudi,18
612,Lose Control,1qSOaTvsCOyFJya3v1UzkP,single,MEDUZA,1
613,Eyes Wide Open,33jypnU7WULxPaVrjj4RXH,album,TWICE,13
614,E-GIRLS ARE RUINING MY LIFE!,1wrJvDOGOMQKn2v0iRiSJT,single,CORPSE,1
615,Merry Christmas,61ulfFSmmxMhc2wCdmdMkN,album,Mariah Carey,10
616,LAST CHRISTMAS,6egzU9NKfora01qaNbvwfZ,single,Wham!,3
617,Santa Tell Me,27MNgBEnLCKoafz1g2Zu97,single,Ariana Grande,1
618,Merry Christmas From Brenda Lee,34wa3zf2prXFMk47t9zHFG,album,Brenda Lee,12
619,Jingle Bell Rock/Captain Santa Claus (And His Reindeer Space Patrol),3wivyOdotHWZ9dcuXMjPKT,single,Bobby Helms,2
620,Christmas (Deluxe Special Edition),7uVimUILdzSZG4KKKWToq0,album,Michael Bublé,20
621,The Andy Williams Christmas Album,4dcJHxlOJwtyypL7sx1qch,album,Andy Williams,12
622,Wrapped In Red,7Jahqd1kx9Qau0E9x9iZj6,album,Kelly Clarkson,14
623,Feliz Navidad,3No96PtEFyRfX1oELmZTPu,album,José Feliciano,15
624,A Winter Romance,5I48ENiZiaZZSOpec6PdS5,album,Dean Martin,12
625,Christmas Songs by Sinatra,4XbPmVHP7EYBMoE7ZVjKCU,album,Frank Sinatra,14
626,Under The Mistletoe (Deluxe Edition),63MKT9hwmiMFFdFp5SdB1p,album,Justin Bieber,15
627,A Christmas Gift For You From Phil Spector,2kzkwgOFAtRsDsas5Hi0Qu,compilation,The Ronettes,13
628,Do They Know It's Christmas?,0Q96oESySVI3gLFTkhttn5,single,Band Aid,2
629,McCartney II (Special Edition),48rypPDKdKiusMXKaYcEGV,album,Paul McCartney,19
631,Signature Box,555NIhJIQ4XoS5N7VglF0v,compilation,John Lennon,119
632,The Christmas Song (Expanded Edition),6vBGI5522jvPi0ZZuGQNp4,album,Nat King Cole,19
633,Holiday Inn (Original Motion Picture Soundtrack),4ZZvKnA1YJ2KcwjMmHBinq,album,Bing Crosby,12
634,Whole Lotta Red,2QRedhP5RmKJiJ1i8VgDGR,album,Playboi Carti,24
635,Have A Holly Jolly Christmas,6MvKUOSuPdfH0WLeQjR3eR,album,Burl Ives,12
636,If I Should Fall from Grace with God (Expanded Edition),4V92Puney9WxGPecKtLG4L,album,The Pogues,19
637,Merry Christmas Everyone,2jCRKrNZVbG2lGMs0S9Opa,album,Shakin' Stevens,13
638,Elvis' Christmas Album,6zk4RKl6JFlgLCV4Z7DQ7N,album,Elvis Presley,12
639,Christmas Songs For Kids,76odbhEFB3DXMJO3d0WlKW,compilation,Chuck Berry,41
640,Kids Pop Christmas,421FcZZOwbMqn0ZYQYqGqi,compilation,The Jackson 5,33
641,A Kylie Christmas,0D0L0pzNy8gu9d1jXbridR,single,Kylie Minogue,2
642,Greatest Christmas Songs,4lculT3R9mxFqdmXOCLuY7,album,Perry Como,21
644,Goodbye Yellow Brick Road (40th Anniversary Celebration / Super Deluxe),5u5AXYtYIxnIs4S7K3xHAN,album,Elton John,52
646,Investe Em Mim,7HkadvWYCa91hUKnBqBFJu,single,Jonas Esticado,1
647,Lance Individual,532ccGsBf6MOSS0mD7yWSx,single,Jorge & Mateus,1
648,Jingle Bell Rock,46RzcdoDpVi5UcRLML218R,single,Daryl Hall & John Oates,2
649,Live from Spotify London,573eP6oKtAJDqnpco7Fn9c,single,Coldplay,5
650,Have Yourself A Merry Little Christmas,3nCpXy6LlyXWuFR08tMycK,single,Sam Smith,1
652,My Only Wish (This Year),3Hocp9QorapDRHSyZ1AOVL,single,Britney Spears,1
653,Glow,6FjK2XLQJloz36NgRciCHv,album,Brett Eldredge,11
654,Like It's Christmas,2SOQX9qSOQhxc0PsI5LNnu,single,Jonas Brothers,1
655,Christmas Without You,4vxk8Q78WLINHtJpDSuvq7,single,Ava Max,1
656,You Make It Feel Like Christmas,58qdMDlJaZBYleY7Bf0gNc,album,Gwen Stefani,12
657,Music To Be Murdered By - Side B (Deluxe Edition),3MKvhQoFSrR2PrxXXBHe9B,album,Eminem,36
658,Kid Friendly Christmas,16rrzzGDsUieBv6SqtKhGm,compilation,Nat King Cole,42
660,Holiday Wishes,0EGX5qfw6VEPOMoCUFJFHl,album,Idina Menzel,12
662,Christmas Album,5M8U1qYKvRQHJJVHmPY7QD,album,The Jackson 5,11
663,Heavenly Eartha,6gOVmmV26wBBgxUtbF8YZd,album,Eartha Kitt,14
664,Home Alone (Original Motion Picture Soundtrack) [Anniversary Edition],3rDo7fQDUwJ6qmxwP5yQsY,album,Mykola Dmytrovych Leontovych,19
667,Wonder (Deluxe),2sDPTkswUWDLtZYiOzubTe,album,Shawn Mendes,24
669,"Santa Claus Is Comin' to Town (Live at C.W. Post College, Greenvale, NY - December 1975)",6SEtGOi92yZM5TyAGlXlpZ,single,Bruce Springsteen,1
670,"Christmas, With Love",4HRXnpdnLJGTkHSRk4roEs,album,Leona Lewis,10
672,Naughty List (with Dixie),2xvYb1xTCb5hhxzXub0RdM,single,Liam Payne,1
673,Title (Expanded Edition),7m2Gzfu5nMgHTiMbNDwPr7,album,Meghan Trainor,18
675,A Jolly Christmas From Frank Sinatra,0ny6mZMBrYSO0s8HAKbcVq,album,Frank Sinatra,15
677,Oh Santa! (feat. Ariana Grande & Jennifer Hudson),2g0Ha2fsHrVBueqWdBGUpB,single,Mariah Carey,1
678,Bing Crosby - Christmas Classics,3My4DXwRjAS5HXontsJx1A,compilation,Bing Crosby,16
679,A Pentatonix Christmas Deluxe,3sId8sOH47yqOWopzbEtJn,album,Pentatonix,16
680,A Donny Hathaway Collection,2D2sMtTf1Db5bkSRGvWGKB,album,Donny Hathaway,15
681,Winter Wonderland,5Falr8WxTe6dZOTtWEUIVS,single,Tony Bennett,1
682,Christmas Tree Farm,5JnnrTE35MQagEnEkFthiF,single,Taylor Swift,1
683,Cozy Little Christmas,5IxObv8TvRsYE6DGKnbrXn,single,Katy Perry,1
684,Home For Christmas,6uIB97CqMcssTss9WrtX8c,album,*NSYNC,14
686,Please Come Home for Christmas / Funky New Year (2013 Remaster),4QxtDUU3U7gCCyT9Lm3bg5,single,Eagles,2
687,A Very Trainor Christmas,2Mb2HvX9H2J98qOvZGdsFf,album,Meghan Trainor,18
707,folklore,2fenSS68JI1h4Fo296JfGr,album,Taylor Swift,16
708,Real Shit (with benny blanco),16EqCl0UoPe3xSIFg4xO6T,single,Juice WRLD,1
709,Wonder,3Lp4JKk2ZgNkybMRS3eZR5,album,Shawn Mendes,14
710,Blinding Lights (Remix),7B70Z32Ha84aMT6TOnW410,single,The Weeknd,1
711,"WHATS POPPIN (feat. DaBaby, Tory Lanez & Lil Wayne) [Remix]",36jrqYRpGVpJqztuqCii22,single,Jack Harlow,1
713,Errbody,1AhcXFOhxnWriMEslx0LC2,single,Lil Baby,1
714,Plastic Hearts,5BRhg6NSEZOj0BR6Iz56fR,album,Miley Cyrus,15
716,Mad at Disney,1xWYSg7J7pxTZ113CJVy1P,single,salem ilese,1
717,YHLQMDLG,5lJqux7orBlA1QzyiBGti1,album,Bad Bunny,20
719,F*CK LOVE,6RuwGwQcAureaOraKJNFQG,album,The Kid LAROI,15
720,Jenny (I Wanna Ruin Our Friendship),0PTGY2rz75YFy0H1jvibuD,single,Studio Killers,1
721,"Mood (Remix) feat. Justin Bieber, J Balvin & iann dior",4PTxbJPI4jj0Kx8hwr1v0T,single,24kGoldn,1
734,Heart Of Glass / Midnight Sky,4shNUtOEh07Rco2Jy5ArAF,single,Miley Cyrus,2
737,CÓMO SE SIENTE (Remix),0VLl6NV05DjwNE2lZFdCEI,single,Jhay Cortez,1
739,Famoso,27EhxNeyTwvnuo0TcWMDZf,album,Sfera Ebbasta,14
740,Tick Tock (feat. 24kGoldn),3tuAs968COA2vxKjiLvmxr,single,Clean Bandit,1
741,AYAYAY! (Súper Deluxe),1OlyomFZOv4Lx22rs4lBMw,album,Christian Nodal,14
743,Jerusalema,0bRAth39i98n7qrxubZ00K,album,Master KG,10
745,Djadja (feat. Maluma) [Remix],0hUQJNECak9L5Baf75HfeV,single,Aya Nakamura,1
749,Savage Love (Laxed - Siren Beat) [BTS Remix],5O6izFQ2veRaZOcQSyOi4o,single,Jawsh 685,2
750,The 20/20 Experience (Deluxe Version),0O82niJ0NpcptYRxogeEZu,album,Justin Timberlake,12
752,SAVAGE MODE II,6wTyGUWGCilBFZ837k5aRi,album,21 Savage,15
753,Nothing Happens,7eed9MBclFPjjjvotfR2e9,album,Wallows,11
754,"10,000 Hours (with Justin Bieber)",4ow6xJwn49gpWz7iHpOzWY,single,Dan + Shay,1
755,For You,4LxNdEodxvcd7q41asR17h,album,Vedo,13
756,Quiéreme Mientras Se Pueda,7cd7ofPesyBoPDb2dtUbj5,single,Manuel Turizo,1
757,Party Girl,4NPX54YtocHqTOq6yXDEFM,single,StaySolidRocky,1
758,Pluto x Baby Pluto,48xpWR8K6CGpy3ETAym3pt,album,Future,16
759,Be Like That (feat. Swae Lee & Khalid),7MKfE4IRGdrH5bMkqaZ2Tp,single,Kane Brown,1
760,MORE,23yd1cYlPgl643vE8bb0WD,single,K/DA,1
761,Enchule,3DxqnLZyD3wBfxdg7FnkPY,single,Rauw Alejandro,1
763,Papi Chulo,33FmsnS00we0hrD1NrGniq,single,Octavian,1
765,Featuring Ty Dolla $ign,6M4Nu5UgX097dxeF2lm9P8,album,Ty Dolla $ign,25
766,Confetti,33a8Ha3pE7fo2o4T4xLabF,album,Little Mix,13
767,Blueberry Eyes (feat. SUGA of BTS),2dEJHnsuxIij7YeBbt0sVm,single,MAX,1
769,Loose,2yboV2QBcVGEhcRlYuPpDT,album,Nelly Furtado,17
770,GREECE (feat. Drake),3O6ywzP5LE5msmuBBTpaIN,single,DJ Khaled,1
772,Euphoria (Original Score from the HBO Series),788r22Bhr3IHLTNPy8pZea,album,Labrinth,26
773,Emmanuel,7JtT7OyWM8BnIS5FXXPMKg,album,Anuel AA,22
774,Get You The Moon (feat. Snøw),5LZSpPoBVBsh6kRSEKfPQ8,single,Kina,1
775,Moonwalking in Calabasas (feat. Blueface) [Remix],1z02WpEdAuImwfySk43owY,single,DDG,1
776,What You See Ain't Always What You Get (Deluxe Edition),25TJxI6ZH6XjT8geRQAFz5,album,Luke Combs,23
777,BALLADS 1,34GQP3dILpyCN018y2k61L,album,Joji,12
778,Don Don,5xBO97P4jYEn69VzV06503,single,Daddy Yankee,1
780,Nada,5edB3I7c5aZj1bH2obUXne,single,Cali Y El Dandee,1
785,Ayer Me Llamó Mi Ex (feat. Lenny Santos),0H01i14lrDJtgGU2LFImWL,single,KHEA,1
787,Caramelo (Remix),7wwKVRpLdSYASP6dMDrLXQ,single,Ozuna,1
792,Beautiful People (feat. Khalid),3E12WU80fDMyu7GyIAx7wJ,single,Ed Sheeran,1
793,Favorito,5wb9Mx2yfXZzKYPzHp4fae,single,Camilo,1
794,Heaven Or Hell,7z4GhRfLqfSkqrj5F3Yt2B,album,Don Toliver,12
799,Scream,2X8UOIkZQdcz2Hi5Ynt2uk,album,Michael Jackson,14
800,Dancing With A Stranger (with Normani),1V9oE8bVilClrk5naqyyvL,single,Sam Smith,1
801,Hollywood Uncut,6dLMmoL7miitwmEWLRZ4cI,album,Bonez MC,13
802,Love Goes,0mXuESYo2Gd1quvVflixyi,album,Sam Smith,17
803,Highway to Hell,10v912xgTZbjAtYfyKWJCS,album,AC/DC,10
804,Me Gusta (with Cardi B & Myke Towers),5J7bWCachL4Q662xAfzyJd,single,Anitta,1
805,Epidemic (Deluxe),3raeLaYMyhfb67HgnnNrsg,album,Money Man,20
807,FRANCHISE (feat. Young Thug & M.I.A.),4Bp7LKA5Afo1PRoXuQe8qZ,single,Travis Scott,1
809,Detroit 2,6slkiHeFK3wW2D1mao0TX3,album,Big Sean,21
811,MAMACITA,39kXbkUjh0IIyoGBnlGX9V,single,Black Eyed Peas,1
812,Fake,6pbBHbkfs6i0JzhWjDmvb1,single,Lauv,1
813,Music Festival Hits,3UagyPn0kTEtPp4ToWJvOd,compilation,Marshmello,19
814,THE SCOTTS,7q6zjWaLw8bN5nYiBWjrus,single,THE SCOTTS,1
815,Atrevido,1xBoZOfcOsqd77V6AENKYC,album,Trueno,10
816,All the Little Lights (Deluxe Version),0yWveEIgWbV3oPq4ZA6BAj,album,Passenger,20
817,Cry Baby (Deluxe Edition),5JpH5T1sCYnUyZD6TM0QaY,album,Melanie Martinez,16
818,Golden Hour,7tcs1X9pzFvcLOPuhCstQJ,album,Kygo,18
819,21,0Lg1uZvI312TPqxNWShFXL,album,Adele,11
820,YOU,63Kr9mdWxT7mB2AKgf4rCa,album,Ali Gatie,9
821,Pity Party,6f5E0fgEQox4MmTJqxOnrD,album,Curtis Waters,12
823,Hate The Way (feat. blackbear),3PqmfbW9QbYXobJ6qUSfFe,single,G-Eazy,1
824,Bande organisée,3FrSGEYwEQS2Qx9nPt5WUs,single,Kofs,1
826,"Baby, I'm Jealous (feat. Doja Cat)",2N367tN1eIXrHNVe86aVy4,single,Bebe Rexha,1
827,TKN (feat. Travis Scott),4KEOAWBMpvJrIZ7tQfx44i,single,ROSALÍA,1
828,El Mismo Aire (con Pablo Alborán),3E3coJkwv6rbqUTiw1qLZ6,single,Camilo,1
831,WUNNA,0gA0nZrZ55PLUp7ARfrICu,album,Gunna,18
832,Elegí (feat. Dímelo Flow),3j6ouZdjTVyddYH2XkMjYb,single,Rauw Alejandro,1
833,THE END OF EVERYTHING,5Gn3fFzlWL89j0hGumtXb5,album,Noah Cyrus,8
835,You Never Know (JP Ver.),4CoKhy1Ew4kb4kgonvnMXy,single,BLACKPINK,1
836,STELLA & STEVE,3ZJSoxsPMkNC9eb6gUn0Q8,single,BENEE,5
838,Better,7MkNlHw0O8KKr3yJ3RtgVW,single,ZAYN,1
840,Oh Juliana,4TqvKXoNxzUt3KFvb2kMOL,single,Niack,1
841,"PORFA Remix ( Feat. Maluma, Nicky Jam, Sech)",5cLb4vSQukBpYmox3UKa4M,single,Feid,1
842,Indigo,1BfLzaTFI5qKsAAk0Ae6aV,album,Chris Brown,32
846,A N N I V E R S A R Y,5KpXxX7OUDXRs25qLyN8NA,album,Bryson Tiller,10
850,Lemonade (Feat. Roddy Ricch & Don Toliver) [Remix],7AgDcfBGf9SYACiuIHXPRK,single,Internet Money,1
851,Nectar,6YKk4wlKdACRITGKmGnoIm,album,Joji,18
853,Lets Link,6M562iDRj7JIB2nvrahv0O,single,WhoHeem,1
856,Gimme Love,3NhYseiC5dmIJMAOfaFeIU,single,Joji,2
857,Nectar,5EzDhyNZuO7kuaABHwbBKX,album,Joji,18
858,Daylight,1jcNHi5D96aaD0T5f1OjFY,single,Joji,1
859,Epidemic,4giCjz3reLXbyx8KF7Gqyo,single,Polo G,1
863,Sanctuary,1cjgTku8zcYVHRi8QQH1XI,single,Joji,1
864,feel something,6qLQLAHnS54MLHY8wxXDX5,single,Bea Miller,1
865,Tap In,3XpOIE22NDEl5VSguQGv2h,single,Saweetie,1
868,Over Now (with The Weeknd),3GPiefSRSOxqTrgKJIB7RL,single,Calvin Harris,1
871,Tak Tiki Tak,4wIHjb7IGSIwqvZbkZ8Fl8,single,Harry Nach,1
873,"good kid, m.A.A.d city",6PBZN8cbwkqm1ERj2BGXJ1,album,Kendrick Lamar,13
874,B4 The Storm,6U5j597olXfdjtd6wHd3Cu,album,Internet Money,17
875,"The Best Of Earth, Wind & Fire Vol. 1",2FW0uQ4WL25umm5p2VrZO7,compilation,"Earth, Wind & Fire",10
876,Secrets,6AgcNXTAFBxcOFRfxHUtxs,single,Regard,1
878,QALF infinity,2Cv2mrKMRyYuXJTlQmY4hj,album,Damso,25
883,Virgo World,389zGArsMlwuPorS4Cw7IX,album,Lil Tecca,19
884,Dark Lane Demo Tapes,6OQ9gBfg5EXeNAEwGSs6jK,album,Drake,14
885,GOOBA,4kIWi5LcrqAWQD09CE05Ps,single,6ix9ine,1
887,Hot Stuff,6t95dMgjNYMtwXTKlISI42,single,Kygo,1
891,Hit Different,4xmJCh7ct63QvQ5wRc44db,single,SZA,1
893,Máquina do Tempo,6ehm0SMBBoSxH8oSrFXre6,album,Matuê,7
894,Hollywood,3IKXIqSA8hBwfLHMUrO1dx,album,Bonez MC,13
895,LOST,3bncOq9bM24eCefxlJvrtK,album,Alex Rose,7
896,My Turn (Deluxe),6uhEg4ASZYLIilZFCBFy1r,album,Lil Baby,26
898,The Time Of Our Lives,64aKkqxc3Ur2LYIKeS5osS,album,Miley Cyrus,7
899,Boss Bitch,4pmyFpGicLLIgNPc1TQXKc,single,Doja Cat,1
900,Ain't It Different (feat. AJ Tracey & Stormzy),4DlHEcnhhUJbLuRvaOfdxC,single,Headie One,1
901,Some Say (Felix Jaehn Remix),3HE3e3QqmuhAsxcJGtxyEr,single,Nea,1
902,Savage Remix (feat. Beyoncé),6M4VOF1ExBRii1x20Pk0GR,single,Megan Thee Stallion,1
904,"Tap In (feat. Post Malone, DaBaby & Jack Harlow)",1aa1RxpukjEwAGbNdeV3Ft,single,Saweetie,1
905,Not Shy,0aqu2V5ohKHVfWqVFE7Ila,single,ITZY,6
906,"The Plan (From the Motion Picture ""TENET"")",3S4AQxtnqGJOtw1k6ZT111,single,Travis Scott,1
907,ADMV,6wUJI0qgwrwiYJhFr53Gaa,single,Maluma,1
908,Alane,537cgkkJUqMb46JUSNh0n7,single,Robin Schulz,1
909,THE BADDEST,7C8nskYbHG7N0LDrNVvt7x,single,K/DA,1
910,Desce Pro Play (PA PA PA),5dgSOOnRf2k9UJyijM9ZwV,single,ZAAC,1
911,Mariposa,0vpGo2ef7QNOKQHtd7qZeh,single,Peach Tree Rascals,1
913,RITMO (Bad Boys For Life),6EobpC5SDFy5DF50dWNVGF,single,Black Eyed Peas,1
914,KitschKrieg,1HZDvQKz15zFEVJdaKEoVi,album,KitschKrieg,12
915,What's Love Got to Do with It,1JFKchcdu3ewuhA5PIHWno,single,Kygo,1
916,Cry About It Later (feat. Luísa Sonza & Bruno Martini),6a74WD13saUvUB52D62NV0,single,Katy Perry,1
917,Banana (feat. Shaggy) [DJ FLe - Minisiren Remix],4txsHyrnh5YNezMNlknYv4,single,Conkarah,2
918,Gifted (feat. Roddy Ricch),5RCg8bx2jAo66z9uffG44u,single,Cordae,1
919,JACKBOYS,1Sf8GsXG32t0jNrX11xqWx,album,JACKBOYS,7
920,Anaranjado,0zaTpRYJxC8jAtzwUstNhx,single,Jowell & Randy,1
922,Sour Candy (with BLACKPINK),6y6lP1WRfqEhv8RLy4ufZB,single,Lady Gaga,1
923,Pray 4 Love (Deluxe),0pGGvcUT08FrwV0RJIIVA9,album,Rod Wave,25
924,Bandit (with YoungBoy Never Broke Again),3t6Z2qoBVCS4NHNI25XECH,single,Juice WRLD,1
925,PAM,4cQLUsauu6PltpXfMxQH3U,single,Justin Quiles,1
927,CB7,23EKRPix1b7vUYwPovYle0,album,Capital Bra,21
928,MAP OF THE SOUL : 7,6mJZTV8lCqnwftYZa94bXS,album,BTS,20
929,My Oasis (feat. Burna Boy),2eBIVchjZqWwwe7P8OmY0Q,single,Sam Smith,1
932,2012,4JgV7DMC1wFGGdgttRtETz,single,Bausa,1
934,if i were u (with Lauv),52smeiovut2Hhkja6x992D,single,blackbear,1
935,Perfect Ten,2WrNHOba5u6P9S9xEboaUy,album,Mustard,10
936,MAP OF THE SOUL : 7 ~ THE JOURNEY ~,1nScVw87kRJiT2bg2Kswhp,album,BTS,13
937,We Sing. We Dance. We Steal Things.,04G0YylSjvDQZrjOfE5jA5,album,Jason Mraz,12
938,Youngblood (Deluxe),2D0Hi3Jj6RFnpWDcSa0Otu,album,5 Seconds of Summer,16
940,Levitating (feat. Madonna and Missy Elliott) [The Blessed Madonna Remix],6smIdnnGseiA4jiEcOjcic,single,Dua Lipa,1
942,Pray 4 Love,7a5cMcFWSeppy4Soc0QHcY,album,Rod Wave,14
944,Rover (feat. DTG),6XwFgPuBbmmfXEQhCcgPvd,single,S1mba,1
945,Only You Freestyle,5L6DR2YmRLRZ4CmR91l3Z4,single,Headie One,1
947,El Efecto,6C8ObcezFoorqPgY2J320r,single,Rauw Alejandro,1
948,Coño,1h3x5tLWXhf438Y5AK60Ml,single,Jason Derulo,1
949,AYA,0BUPS678TfgTmCMVOviolC,album,Aya Nakamura,15
950,Lovefool,6UYWmM8RfG3DAKC7OyUPBT,single,twocolors,1
952,Higher Love,4wquJImu8RtyEuDtIAsfcE,single,Kygo,1
953,Como Llora,2AVlVJLLSUfFx1oePPiNMl,single,Juanfran,1
954,Walk Em Down (feat. Roddy Ricch),3EYg0XBIcyz3OvhIy7gsZQ,single,NLE Choppa,1
960,BLAME IT ON BABY (DELUXE),6SL49HqoUwu2hhfukBAK3Q,album,DaBaby,24
962,Freak,3jCcsG6jkQTnUJyCACAg0r,single,Doja Cat,1
963,PUNANI,4bKXeDGKfM3HQY1dnjxC4w,single,6ix9ine,1
964,Treppenhaus,50tETesjwQTm86wCy4BXZj,album,Apache 207,12
965,Never Let Me Down,0Bukf9slmCY0nPhy80GzEQ,single,VIZE,1
966,Suga,6Lo6ylJg4qbFfxicPEOzMI,album,Megan Thee Stallion,9
970,Floor Seats II,0QcZ0udPMK7JkcZW3ptDXV,album,A$AP Ferg,11
973,Over Your Head,2LLu6xqRlPgR80v0lg5WR1,single,Future,1
976,Narrow Road (feat. Lil Baby),0F4bzfGxyxDT5xdKUAUfhN,single,NLE Choppa,1
978,El Androide,4v25w5u9JmarAGjE3jcByx,album,El Alfa,20
980,Featuring Ty Dolla $ign,1zg6QT0eGqLBlhAT2FPoFj,album,Ty Dolla $ign,25
981,Morado,7ynTaSXD9esXkgY0GG8UFd,single,J Balvin,1
982,Beach 2021,552BsahzJBDEGQnhrhNrvc,compilation,Billie Eilish,34
983,Lewis Street,1wRfMGVxmo1Gokg7nUwHye,single,J. Cole,2
984,Andere Welt,7jG8fsixftEVp0GrMXA8iY,single,Capital Bra,1
987,Up All Night,6cunQQ7YZisYOoiFu2ywIq,album,One Direction,18
988,Nur Für Dich,18O52VCY2HjcvgfkcVysF8,album,Ufo361,13
992,Skechers,4a50hfH6HJQywmghPYnRRW,single,DripReport,1
993,The Bigger Picture,6ZTl8hHvYNuEg4Mk8yxz75,single,Lil Baby,1
994,Midnight Memories (Deluxe),7p1fX8aUySrBdx4WSYspOu,album,One Direction,18
995,No Pressure,5pF05wJrbrIvqunE41vWP8,album,Logic,15
996,Party Girl (Remix),0K3zXpDvZE6iKNMwxoj7rY,single,StaySolidRocky,1
1002,Past Life (with Selena Gomez),0VNOVfFWUXhUx8l3RNas8F,single,Trevor Daniel,1
1004,We Love You Tecca,1I6FpscJIfwf4T56VxGVsB,album,Lil Tecca,18
1005,Easy Money Baby,3dM5WCvdXdNqLE14d16GmJ,album,Myke Towers,18
1006,Never Know (feat. SHIRIN DAVID),0FWWR2pJqB6ViHco9BerSo,single,Luciano,1
1008,TROLLZ (with Nicki Minaj),7k3BOYZVMerwnrGSTBPJwD,single,6ix9ine,1
1009,7 EP,4IRiXE5NROxknUSAUSjMoO,single,Lil Nas X,8
1010,The Adventures of Moon Man & Slim Shady (with Eminem),4Cr6vlJh83a5Eby9DZRPwD,single,Kid Cudi,1
1011,China,1PTTAq0OxggVgqP5WTYWDh,single,Anuel AA,1
1012,Hola (Remix),65Pp2tO1Ul66KcCmmkRGWZ,single,Dalex,1
1013,Ignorantes,7Hw9RJbQPN0gUx4xjgFLhj,single,Bad Bunny,1
1014,Yummy,1SN6N3fNkZk5oXQ9X46QZ3,single,Justin Bieber,1
1018,KIRK,1NsTSXjVNE7XmZ8PmyW0wl,album,DaBaby,13
1019,Sigues Con El,1y0pdsLO6cixGzAv7Sf8rf,single,Arcangel,1
1023,Vollmond,4lBxcWIWcIglQCDh5LeBJI,album,Kontra K,20
1024,Wash Us In The Blood,7jQPy8GhgSuT5A54pb5sHx,single,Kanye West,1
1026,Monster - The 1st Mini Album,4DFheSBXhfewjz7SSe4Kyc,single,Red Velvet - IRENE & SEULGI,5
1027,YAYA,0oAcM66E5nKMk0aUryeVT0,single,6ix9ine,1
1029,This City,5waiE6DS2ntWF3Q0yekJUm,single,Sam Fischer,1
1031,Lalala,4WlC4FXhonJhNTXCQPGP3r,single,Y2K,1
1042,Tommy Lee (feat. Post Malone),2PFiZ23ZyPTcgwmXk4X6o0,single,Tyla Yaweh,1
1045,I'm Gone,4Wb5bU9FkmZ84WkkL37rKA,album,iann dior,9
1046,Famouz,1V9QpD8kjA2iHCElhFGvlo,album,Jhay Cortez,13
1049,El Efecto (Remix),18wfVLHQKF0yXimErnxAfo,single,Rauw Alejandro,1
1051,Escape,43wpzak9OmQfrjyksuGwp0,album,Journey,14
1052,BLACK PARADE,3MJxH055n52Rbm8RLlpJcN,single,Beyoncé,1
1053,XXL,3SxCrf0o6l2jjooJ1mpkic,single,Miksu / Macloud,1
1055,Daisies,2m5J1DUH7hJpPSOromIqpN,single,Katy Perry,1
1056,My Turn,1ynyQdPQiXdYJNQEDL1S3d,album,Lil Baby,20
1057,Eternal Atake (Deluxe) - LUV vs. The World 2,0fEO7g2c5onkaXsybEtuD2,album,Lil Uzi Vert,32
1058,MORE & MORE,5KsduuDNWzt65TaHzmtciv,album,TWICE,7
1059,Girls in the Hood,0pcFMWHPMVHE25NiT1U6Bc,single,Megan Thee Stallion,1
1060,Parasite Eve,5PMPY8a70DCHnQic13XueL,single,Bring Me The Horizon,1
1061,Happiness Begins,1Uf67JAtkVWfdydzFFqNF2,album,Jonas Brothers,14
1062,I met you when I was 18. (the playlist),7lqieLm717j9Z8JrG7POkS,album,Lauv,17
1063,Pray for the Wicked,6ApYSpXF8GxZAgBTHDzYge,album,Panic! At The Disco,11
1064,The Best In The World Pack,00HZxSA1sOS9T3nA950sg4,single,Drake,2
1065,Say So (feat. Nicki Minaj),2cpCmPs5Efp7w7Cv0LKcuG,single,Doja Cat,1
1066,Ferragosto Beach Party,5Hh0KETVcySKfAWdgNJGxZ,compilation,Boomdabash,57
1067,Know Your Worth,0uLz2ygHQAtLknyGasJOr5,single,Khalid,1
1069,Airwaves,4ZylcATH7a5JkgNNGXxwhJ,single,Pashanim,1
1070,KILL THIS LOVE,3PNxZ3BELbUXJ1XLktXiHz,single,BLACKPINK,5
1072,Rare,3YPFaTR7WMi1Hd4NVKdCJx,album,Selena Gomez,13
1073,Red Pill Blues (Deluxe),3ThQ5dvf9wlqB0C7evh5nH,album,Maroon 5,16
1074,LAS QUE NO IBAN A SALIR,4gvQO5mEuhbMSrLIuwXkmz,album,Bad Bunny,10
1075,VACATION,42XA3CG4dOtlaVKq5ZRNRh,single,Tyga,1
1076,Big Body Benz,4UmUrt9VYrAhLc9xnW13nf,single,Bonez MC,1
1077,Ich weiß nicht mal wie sie heißt,1cfOfObZygQ6EyYveSyciJ,single,Capital Bra,1
1079,Artist 2.0 (Deluxe),4v0IxMbMN975IfxFHzgK9d,album,A Boogie Wit da Hoodie,29
1080,Snow On Tha Bluff,0MXpE6m0mEK0r3TuERb9Yd,single,J. Cole,1
1081,Synkinisi,70FpaoDALiemmQYyx3X1z7,album,Bosh,20
1082,In Your Eyes (feat. Alida),7Aq8cN8Br8AHcDqC327dlV,single,Robin Schulz,3
1083,Fast Cardio Session,3wFCYjOPq3zMBKt3gLDFRc,compilation,Lady Gaga,14
1084,Shotta Flow 5,1wEEKxybMlEo2Hob9oQA2y,single,NLE Choppa,1
1085,IDK You Yet (Live on Piano),2MV7PrKdCcislKUAPMyEA2,single,Alexander 23,2
1086,Piece Of Your Heart,0cqRGWD3uc5Lggpducn5nD,single,MEDUZA,1
1087,Na Raba Toma Tapão,7ryzeLieyFDzTGW94jogqP,single,Niack,1
1089,Make You Mine,2CxrZinzjDXZidyx5EP214,single,PUBLIC,3
1090,ROCKSTAR (feat. Roddy Ricch) [BLM REMIX],3xGZrrUdbVXu3CRXSSsPQZ,single,DaBaby,1
1091,Make It Rain,0XaqBneSJFz2ZVVlUM2neC,single,Pop Smoke,1
1092,M' Manc (con Geolier & Sfera Ebbasta),4LPEPv5dG2Cu5aceakd1cm,single,Shablo,1
1093,Emotions 2.0,3lAuhqYVnrNJjNjmspG1kt,single,Ufo361,1
1094,Eternal Atake,7IyoGB8J31fvQDwGtHAq9m,album,Lil Uzi Vert,18
1095,Selfish,5oGJKFb3M2At4rwLBDFlTP,single,Madison Beer,1
1096,Surrender,5vplYu9dji5uOQdLutFfnf,single,Natalie Taylor,1
1097,Good Intentions,0jk3nAmtiIfwLU4CvDDMaS,album,NAV,18
1099,Vete,3fxzSn0ObgCjLadyR53ohN,single,Bad Bunny,1
1100,Like It Is,0lWWqdcdtFgSd1j06F9JZC,single,Kygo,1
1101,Romance,3Vsbl0diFGw8HNSjG8ue9m,album,Camila Cabello,14
1102,Narrated For You,6jKZplJpy21R5lHaYHHjmZ,album,Alec Benjamin,12
1103,PARTYMOBILE,2T8UlI17u5hwTqu6zkpkW7,album,PARTYNEXTDOOR,15
1105,Riot,0G3uruzIfqEMKmuI8vGZ42,single,XXXTENTACION,1
1106,VALLA NEIN (feat. Luciano),2Qhq1PHID06iBhMUzryH8Z,single,KC Rebell,1
1107,I’m Ready (with Demi Lovato),44msshHeN6irJ1md7GVSlU,single,Sam Smith,1
1108,This Is America,7arx9qPJexCsDz67El4qvk,single,Childish Gambino,1
1109,Fantasias,1Flcx9eDuv7pTGM9nJBmGL,single,Rauw Alejandro,1
1111,If I Can't Have You,1J2BrRxtQjVUa7X9Ne99xD,single,Shawn Mendes,1
1112,What A Man Gotta Do,3SgvmlSsTrMuqICaOTlo0p,single,Jonas Brothers,1
1113,Callaita,06S3Qjh4QWLtn6c7CVhYh7,single,Bad Bunny,1
1114,High Off Life,4bNPOFOzxGhF5jhfIK6lit,album,Future,21
1115,Luv Is Rage 2,733e1ZfktLSwj96X5rsMeE,album,Lil Uzi Vert,16
1117,Suicidal (Remix) [feat. Juice WRLD],4WE4KsdoZbISWStEzfcxvH,single,YNW Melly,1
1118,Level of Concern,4h3HXlnt6lryGzGbWmcFuY,single,Twenty One Pilots,1
1119,Chromatica,05c49JgPmL4Uz2ZeqRx5SP,album,Lady Gaga,16
1131,FLY,4Ve9yWpcqa5lmjcp7UKK7h,single,KC Rebell,1
1132,MVP,1ZTYPbRPVUeyeHwoSvmLVi,album,KALIM,12
1133,Lil Boat 3,2CYr9450iYkEWq4IWL8plY,album,Lil Yachty,19
1134,Oprah’s Bank Account (Lil Yachty & DaBaby feat. Drake),56Abu6NLfNM5X7rJhrUdO4,single,Lil Yachty,1
1136,Freedom,34JUh6M6Bvy2Dvo13bWfu4,single,Kygo,1
1137,Fame,5ANcyb7GrRVY6LZDZKZ72C,single,Apache 207,1
1138,D-2,0zhGddZ83RpCgnelKWa2qS,album,Agust D,10
1140,In Your Eyes (Remix),0Jh3A8NAbc9eFpdUfhDedt,single,The Weeknd,1
1142,Komm Komm,0yzVgCBXBGlezXjtLUPk61,single,Capital Bra,1
1146,XV,0i96PtPJV65ddxsfMfo45F,single,Jonas Brothers,2
1148,Together,4TM7wmWEakp4xk1ZffVkL8,single,Sia,1
1149,eight,5vJNAlQeTf9lsulO1YlmSt,single,IU,1
1150,Manic,68enXe5XcJdciSDAZr0Alr,album,Halsey,16
1151,DROPPED OUTTA COLLEGE,2eLpj5EDUhyAoTks8sxcKR,album,24kGoldn,8
1152,Astronomia,2GgIFRPmPzyqajQKFABMFL,single,Vicetone,1
1156,Sigues Con El (Remix),0vPG06qvqmD1XL1uAFysKM,single,Arcangel,1
1157,Tell Me About Tomorrow,11xZPFzFKdaLz2BTS1d48T,album,jxdn,18
1158,1 of 1,3D1NZYi3GsenO5uWDFrRI6,album,Sech,21
1159,Muévelo,6sTdi5hrN3uFhARaqbikjG,single,Nicky Jam,1
1164,O Embaixador in Cariri (Ao Vivo),17jzAujoXwIF60ojew1yHU,album,Gusttavo Lima,17
1165,Racks 2 Skinny,3PASWLvNfvfMF68dDznEgK,single,Migos,1
1168,PTSD,14YY4ksyKkVbBsZ5TJt0Zr,album,G Herbo,14
1169,Pegasus,2vMi9So8GxXiqaT2zJXbQG,album,Trippie Redd,26
1170,Can We Kiss Forever?,0MGcjBIFcL2qaCrgGjIGFb,single,Kina,1
1173,State of Emergency,26d9EFfi2YSvhQv7KKcrNw,album,Lil Tjay,7
1175,Qué Maldición,3w8ZmQeTQo1390hdupmxvJ,single,Banda MS de Sergio Lizárraga,1
1176,Nicht verdient,0x7agz9XATuBItHpQyeD83,single,Capital Bra,1
1179,Moral of the Story,4yKwChgdGpJzf2nn3nPHfP,single,Ashe,1
1180,It Was Good Until It Wasn't,6ROLwnmW9pOioLned0DaP3,album,Kehlani,15
1182,Eastside (with Halsey & Khalid),7pkLXlFdpQDfmHujT2AbBK,single,benny blanco,1
1184,How Do You Sleep?,7baaCf70tVcUBL2bbkuXjo,single,Sam Smith,1
1185,No Time To Die,5sXSHscDjBez8VF20cSyad,single,Billie Eilish,1
1196,Turks,2nfOFXxNyf61geA17cW6e6,single,NAV,1
1197,Rare (Deluxe),3rA5CgccCbmCnJEzwGnDea,album,Selena Gomez,17
1198,The Idea Of Her,5SBdHir3OHo2WZN0F3Pnbr,album,Ali Gatie,10
1201,Keii,30FZign4ARPElEZ23nU0ns,single,Anuel AA,1
1202,Scorpion,1ATL5GLyefJaxhQzSPVrLX,album,Drake,25
1203,Por Primera Vez,5DeSD9bKMtDQCN1ErYy7jj,single,Camilo,1
1204,Hip Hop Festival Hits,1wUrw5uGUUigU2SbBBLKzU,compilation,Playboi Carti,26
1205,The New Toronto 3,2TbrXjwWklhT7JrC5sdUkf,album,Tory Lanez,16
1206,Fantasias (Remix) [feat. Farruko & Lunay],2kcKdEULKToIB701VWtOPr,single,Rauw Alejandro,1
1207,GINGER,1jToVugwBEzcak8gJNZG2f,album,BROCKHAMPTON,12
1208,90-60-111,2nOGU9W628Yj17hztw8SAf,single,Shirin David,1
1210,Houdini (feat. Swarmz & Tion Wayne),0Z3iwmt9d4X3G6zUuuTBva,single,KSI,1
1211,Sasuke,6hUnGxVRgPgUfctjN19fIE,single,Lil Uzi Vert,1
1212,Me Gusta,4IcQ1ni07PmlOenqwf6MgG,single,Shakira,1
1213,If You’re Too Shy (Let Me Know),3yP8qjvxER61axf20pFfAP,single,The 1975,2
1214,"Alone, Pt. II",700MviIgFKNTldTXmOAFOr,single,Alan Walker,1
1215,Tutu,6xu5asYeoMIT5Sa5b1P13q,single,Camilo,1
1216,Hate Me (with Juice WRLD),29FoTD5vBY3Fq1QWhbl3FM,single,Ellie Goulding,1
1217,Still Be Friends (feat. Tory Lanez & Tyga),0KHIH7UC8WATEByfXGfYaY,single,G-Eazy,1
1218,Blanco,5mcUbpuVL0i5q4cECQ6cV4,single,J Balvin,1
1223,No Me Ame,01l09UFFOWy3gOGQuETlYx,single,Rvssian,1
1224,I'll Wait,5NtG3FTjuLNQPUhs60sebC,single,Kygo,1
1227,Follow,4c7J8cbXIdLAiTX7PFYdDi,single,KAROL G,1
1228,"Don't Forget About Me, Demos",1DNx0H5ZX1ax3yyRwtgT4S,single,Dominic Fike,6
1229,Chixtape 5,6vVhekA9LRg0MWIQaxI37f,album,Tory Lanez,18
1231,Shotz Fired,577JSMpNofphccp9SvPDCo,single,Bonez MC,1
1232,BaeBae,6P8F6egPsdY6Gtb3LN7J1s,single,Samra,1
1233,To Die For,2motAeq8jZvHkF4VpbWSHf,single,Sam Smith,1
1234,It'z Me,2gertXS08whDTzBWfmewPO,album,ITZY,7
1235,World War Joy,01GR4NL5O5CZM51k0aejKD,album,The Chainsmokers,10
1236,PTSD,3M7JdMPr8cOC2fboCXQh7s,album,Rod Wave,12
1237,La Cama (Remix),0hzFhU2sz14urAdELOUwtU,single,Lunay,1
1238,THE GOAT,0wTx7qk1I85v3WSKyXWTNc,album,Polo G,16
1239,Cradles,2fLkonSk9cVovvnRKKYtk5,single,Sub Urban,1
1240,Good as Hell (feat. Ariana Grande) [Remix],1k1HuvFs562Z3CCiSYhtc1,single,Lizzo,2
1242,I Love Me,3VKVZ7PvA64NtVJChPGDaH,single,Demi Lovato,1
1243,CALM,46K4raQPIGem3N031upNj9,album,5 Seconds of Summer,13
1247,Woah,393l0NdTr8Rv0hybf4FTxy,single,Lil Baby,1
1249,Soul Searching,4ZKdRW0AH9sxV09NmWsTkW,album,Bazzi,11
1256,Auto Blu,4c7bF6VRAj5SzDES9BZRkA,single,Shiva,4
1257,Du bist mein,3Xfhb5fC2BFDobAhecKpea,single,Zuna,1
1263,Allein sein,5kE8qeEIphRocqp0CT0Jfb,single,Ufo361,1
1265,Medusa,00WVnPPMH4wPiQk7QgLVgn,single,Jhay Cortez,2
1267,13 Reasons Why (Season 3),1zbH0DnpYxaoqTojXNLQb6,album,5 Seconds of Summer,18
1276,No Judgement,2KA0hztJvCs7eD7nv5316T,single,Niall Horan,1
1280,Feel Me,6gldP4RkBjKhVb6SgeVuFd,single,Selena Gomez,1
1281,SOKO DISKO,1FY6HbvldnVpdUYC2JkROU,album,Dardan,21
1283,AYAYAY!,4In6hAxpuu07JqkzY8cjtg,album,Christian Nodal,7
1284,Chilombo,5jlE1zlhT3mEWw0mRpN920,album,Jhené Aiko,20
1293,M.I.L.S 3,2vBgviw0dxLhXrs5MfKXVV,album,Ninho,17
1301,Heartbreak Weather,5gdoRB1AUsGnScCuZ8gmPp,album,Niall Horan,14
1302,The Other Side (from Trolls World Tour),50ZTMRi6Biq1i1pWbcaKaJ,single,SZA,1
1303,Intimo,1CYQlkKE5Q0khU6eMwVAVt,album,Nicky Jam,15
1304,Ayy Macarena,3Cse4lihKX7ww99QnZGQAh,single,Tyga,1
1306,~how i'm feeling~,6EgJXcGqaUvgZIF9bqPXfP,album,Lauv,21
1313,Attention... Pop Hits!,0WmALqGewfIzrJYlvo3XG4,compilation,Tones And I,31
1314,Adicto (with Anuel AA & Ozuna),7nqA49hzXJWPH4cnM8nk6x,single,Tainy,1
1316,"Bad Girls, Good Vibes",6qtBbuqBEKKCcrXck0YWHV,single,Ufo361,1
1317,"Ao Vivo no Ibirapuera, Vol. 1",0P8BJygXjQmRzkyTFHTBIQ,single,Henrique & Juliano,7
1325,René,0RYd37TdvWxCBo9u5BNgJ3,single,Residente,1
1332,SKYBOX,5v6VnHvsnu2GnmQmZElrP8,single,Gunna,1
1333,Young & Alive,4UoEi8sYhfBkFEkvZDfb74,single,Bazzi,1
1335,Artist 2.0,0cZAE6guibfcYmTZD7hiae,album,A Boogie Wit da Hoodie,20
1338,Definitivamente,6pJLqbnEE1gjMZ15dpi1cH,single,Daddy Yankee,1
1339,No.6 Collaborations Project,3oIFxDIo2fwuk4lwCmFZCx,album,Ed Sheeran,15
1340,Stoney (Deluxe),5s0rmjP8XOPhP6HhqOhuyC,album,Post Malone,18
1342,Épico,46xbsFOp9g1WqTidQEs7YT,album,Lunay,14
1346,That Way,4iz9Pqwpw8HljZei6XFCGd,single,Lil Uzi Vert,1
1349,Sum 2 Prove,7KPtAktRGrVjy0QV3MXnZk,single,Lil Baby,1
1351,Matrix,0sm1vPhUeegBS08TiwBpSC,single,Apache 207,1
1352,Bellaquita (Remix),5dXeJdc2hib8JB3Vqon2zB,single,Dalex,1
1353,Historias de un Capricornio,0CPLMVp7rMi3BkzAMve96K,album,Arcangel,15
1354,Que Tire Pa Lante,155yGQqPxsYkhV7zQyL95t,single,Daddy Yankee,1
1355,Futsal Shuffle 2020,4uTOUYhLrGRKkfxfPKTkuy,single,Lil Uzi Vert,1
1356,GOODMORNINGTOKYO!,2P4n4HSzB7ZHocIaIp96bD,single,TOKYO’S REVENGE,1
1357,Heavy Is The Head,3y4AaloFccKNLQcZNS9L8c,album,Stormzy,16
1358,"Life Is Good (feat. Drake, DaBaby & Lil Baby) [Remix]",0YEH6ciBiMrVM4Rl1R10Wz,single,Future,1
1360,100k Cash,5cqwoGrjFr3VKYZ9ZC0eL2,single,Capital Bra,1
1361,Drown (feat. Clinton Kane),7rU4vsRIhRRfMt3qy6ADND,single,Martin Garrix,1
1364,Lover,1NAmidJlEaVgA3MpcPFYGq,album,Taylor Swift,18
1365,The Academy,1faqBAWocW4ZOe0OFjudGw,album,Rich Music LTD,7
1366,Soltera (Remix),2m9Vuc9Q19qhSm6RQmBgsR,single,Lunay,1
1367,Trampoline (with ZAYN),5QqqBZmdQmY1MvlnpBkagB,single,SHAED,1
1368,Cuz I Love You (Super Deluxe),2KJjOBX280F3hZZE1xO33O,album,Lizzo,16
1380,Tudo Ok,33h1DnrztGgynGDWwzQEiA,single,Thiaguinho MT,1
1382,Curtain Call: The Hits (Deluxe Edition),5qENHeCSlwWpEzb25peRmQ,compilation,Eminem,24
1383,"WHEN WE ALL FALL ASLEEP, WHERE DO WE GO?",0S0KGZnfBGSIssfF54WSJh,album,Billie Eilish,14
1384,SENTADÃO,6kMwu0LljP1LlrzpQPlvvQ,single,PEDRO SAMPAIO,1
1385,Wayy 2 Kritical,6Z8fenVdNwyQZ9iBFkNyKZ,album,K CAMP,15
1386,Si Te Vas,2S6p0g6YzG3609Ty45i5Cq,single,Sech,1
1387,Que Calor (with J Balvin & El Alfa) [Remixes],1F0QPRUbG5VkzXKCuCMYge,single,Major Lazer,10
1388,Rich Rich,4UUOJrs6MUmkshzvSbKpAg,album,Ufo361,13
1390,High Fives & Good Vibes,0HpreEfEX9lJYAHcgEFTgK,compilation,Billie Eilish,43
1391,Modo Avión,7GUGpSBpdK6cJmWO3KdA7r,album,Dalex,9
1392,Give No Fxk,5PGZpfzDkbbTvhDAuZlSQo,single,Migos,1
1400,The Slow Rush,31qVWUdRrlb8thMvts0yYL,album,Tame Impala,12
1403,Mios mit Bars,0sAvIHK7pMTrz5HOabzNIn,single,Luciano,1
1410,Playlist for Hot Summer,3tEDVezqb0ig0jrCNA6lJO,compilation,Kygo,42
1411,Baby,7lakPJ3Q0Lb3UjHUh8EXi9,single,Joker Bra,1
1413,Circles,5sY6UIQ32GqwMLAfSNEaXb,album,Mac Miller,12
1415,Only The Young (Featured in Miss Americana),5LGsh3kexUfi3qkIIxb8vK,single,Taylor Swift,1
1418,Summer Dance Party (Clean),11PMogjtNGilnYmmu3Yide,compilation,Billie Eilish,32
1419,The Thrill Of It All (Special Edition),3XftSbguntyRTBQaGItmfK,album,Sam Smith,14
1421,Yikes,2IvvAdx63KEfVHPAvYdQ1O,single,Nicki Minaj,1
1422,Yellow Hearts,7L5mva8yC5ctamvs4XzgpR,single,Ant Saunders,1
1423,Birthday,2KLNA0H5XiiMLPAWSb8sUu,single,Anne-Marie,1
1426,Funeral,2x657XotA7LCsPElXmXX4W,album,Lil Wayne,24
1428,"Yo x Ti, Tu x Mi",3844bY26oeSkqd06th4EYp,single,ROSALÍA,1
1429,"DJ No Pare (feat. Zion, Dalex, Lenny Tavárez) [Remix]",71uU1JDWZ61OMDtW8h1Kp8,single,Justin Quiles,1
1430,IGOR,5zi7WsKlIiUXv09tbGLKsE,album,"Tyler, The Creator",12
1431,Pa' Olvidarme De Ella,6NSiAkMa61CjJI9AHqOhuZ,single,Piso 21,1
1432,Carte Blanche,2MFS6WG6jnPAgvJpV3PehR,album,DJ Snake,17
1433,‘The ReVe Festival’ Finale,3rVtm00UfbuzWOewdm4iYM,album,Red Velvet,16
1434,Baby On Baby,0O1PJ0t69iTO5yWrIeIga0,album,DaBaby,13
1435,Con Altura,4bxHLppgdmaYJk0yfdcP0l,single,ROSALÍA,1
1437,Eleven (feat. Summer Walker),27JROxwlU2KnOg1Kgp8Wak,single,Khalid,1
1438,Free Spirit,6KT8x5oqZJl9CcnM66hddo,album,Khalid,17
1439,Hot (Remix) [feat. Gunna and Travis Scott],7hXWMVDn9SVV7zNYiQGvWO,single,Young Thug,1
1440,Weiss,6IwzywE6n6cq6cit7CTdR5,single,Samra,1
1442,MIDDLE CHILD,3XzSOIE6zGLliuqsVGLmUc,single,J. Cole,1
1443,Otro Trago (Remix),3hiJmThCss4ugTPzvgUnT1,single,Sech,1
1444,Living Facts,0tzusAckn6CYqaCBRJHiAh,single,Arizona Zervas,3
1447,Mon Ami,1tbDST8tAooCq9SC35jZxc,single,Samra,1
1448,I Don't Speak The Language,2coqGqbnSCAy740mClWesA,album,Matthew Wilder,9
1449,Kein Wort,6yxGpj0smEP60MgG0BL4T0,single,Juju,1
1451,Wake Up Call (feat. Trippie Redd),2CNIeGAVIK6FSWiQK0MBLS,single,KSI,1
1452,Turn Me On (feat. Vula),7mtnp7B5yFt3D3PAznGzc8,single,Riton,1
1453,"Oral Fixation, Vol. 2 (Expanded Edition)",5ppnlEoj4HdRRdRihnY3jU,album,Shakira,13
1454,Liar,3xgS4rfthlsvhW7J2WLiiR,single,Camila Cabello,1
1455,Championships,6UYZEYjpN1DYRW0kqFy9ZE,album,Meek Mill,19
1457,Panini,71BrrQxz8mZAneNSDE9Lov,single,Lil Nas X,2
1458,dont smile at me,7fRrTyKvE4Skh93v97gtcU,single,Billie Eilish,9
1459,The London (feat. J. Cole & Travis Scott),6p9Y1K9yu3ojyS8fBJXUnp,single,Young Thug,1
1460,223's (feat. 9lokknine),7cekEHNPgpKwVd9kJE9G8F,single,YNW Melly,1
1464,Liberdade Provisória (Ao Vivo),6rQDlITDyOO6dihMXtM68L,single,Henrique & Juliano,1
1466,Gzuz,5XFvKMWkYTUKGlsFtK3JYs,album,Gzuz,13
1468,Zu Ende,2z80PgZF8twDHrDJcNoCd2,single,Samra,1
1469,B.I.T.C.H.,34LUTyhy4RZkfjvnF0gWu4,single,Megan Thee Stallion,1
1470,Kids Birthday Party,1Ck3YqV7XEBfouhgy5lyuM,compilation,Selena Gomez,26
1471,Made In Turkey,6YAnmcTG1SWdNCGpuLdCUM,album,Murda,9
1472,Legends,7zfsq2Hboh0SZMcWo2ASkD,single,Juice WRLD,1
1473,11:11,3YIUNL7qFE8NP3X3zaYSND,album,Maluma,16
1474,Magnets EP,41S9bfzXTSGK4HU2mp5qXH,single,Sam Feldt,5
1498,Dans l'espace (feat. Heuss l'Enfoiré),6KhrJtiRG9m3Nobrbu1fI3,single,Gambi,1
1499,Les derniers salopards,5jzZ6P5fwaHQ3RWCaxN3IP,album,Maes,14
1505,Up All Night,2pSH41L4EXqhGHyTjM2dA2,single,Khalid,1
1506,Nice To Meet Ya,3KrYBAbfxlssMirZLs6HzZ,single,Niall Horan,1
1507,Frozen 2 (Original Motion Picture Soundtrack/Deluxe Edition),4M07HWIlZr7zoXoxDHR5mz,compilation,Idina Menzel,46
1510,Certified Hitmaker,0y1rJ1B0Q9MqxX9Svuyuyp,album,Lil Mosey,14
1514,Diamonds (with Normani),2brh6nArR9NUPankXlhmAZ,single,Megan Thee Stallion,1
1515,Ivy To Roses (Mixtape),0syM7OUAhV7S6XmOa4nLUZ,album,Mabel,15
1516,A Love Letter To You 4,0tKX7BLXiiRgXUKYdJzjEz,album,Trippie Redd,21
1517,Calma (Remix),1tFnP9PwIMeMIuj92mfswZ,single,Pedro Capó,1
1520,Speak Your Mind (Deluxe),7lPoGKpCGgdKFAxpudhAH5,album,Anne-Marie,18
1526,Writing on the Wall (feat. Post Malone & Cardi B),2ZoLcA4NMOjJGFKeANgNpF,single,French Montana,1
1528,Platte,0IoleYbJxOgQLuZDkzyzPG,album,Apache 207,8
1529,Never Really Over,3KjXg0MDej2pG9fv6I22lT,single,Katy Perry,1
1530,One Kiss (with Dua Lipa),7GEzhoTiqcPYkOprWQu581,single,Calvin Harris,1
1531,Nibiru,7f6r6ijWtMJ0QYydwuCYvH,album,Ozuna,18
1534,Amala,54tInqO543zy0Y5F2VsUQI,album,Doja Cat,13
1536,Combatchy (feat. MC Rebecca),4YQQS1DM9JskregbISv1dq,single,Anitta,1
1538,Let Me Know (I Wonder Why Freestyle),5wi0oKiF99ZVACf6oTTsp2,single,Juice WRLD,1
1539,Zone 59,7ilqGyawRNe3bXNfLYtrfo,album,Gradur,21
1540,Dua Lipa (Deluxe),01sfgrNbnnPUEyz6GZYlt9,album,Dua Lipa,17
1541,Cheirosa (Ao Vivo),2s8vRW3xvh5BP4CWKyh14X,single,Jorge & Mateus,1
1542,Camila,2vD3zSQr8hNlg0obNel4TE,album,Camila Cabello,11
1543,Surtada (Remix Brega Funk),2zFE4Ze2DjkeZBMbbT4Mgj,single,Dadá Boladão,1
1544,Lover (Remix) [feat. Shawn Mendes],2UfvnX1YYeC2cExMQTMbXC,single,Taylor Swift,1
